"";"ANO";"NIVEL";"CODMUNRES";"IDHM_A";"IDHM_CA";"IDHM_CA_F";"IDHM_CA_M"
"1";2015;"MUNICIPIO";"4300034";0;0,687;0;0
"2";2015;"MUNICIPIO";"4300059";0;0,75;0;0
"3";2015;"MUNICIPIO";"4300109";0;0,694;0;0
"4";2015;"MUNICIPIO";"4300208";0;0,753;0;0
"5";2015;"MUNICIPIO";"4300307";0;0,672;0;0
"6";2015;"MUNICIPIO";"4300406";0;0,74;0;0
"7";2015;"MUNICIPIO";"4300455";0;0,695;0;0
"8";2015;"MUNICIPIO";"4300471";0;0,74;0;0
"9";2015;"MUNICIPIO";"4300505";0;0,671;0;0
"10";2015;"MUNICIPIO";"4300554";0;0,747;0;0
"11";2015;"MUNICIPIO";"4300570";0;0,734;0;0
"12";2015;"MUNICIPIO";"4300604";0;0,699;0;0
"13";2015;"MUNICIPIO";"4300638";0;0,624;0;0
"14";2015;"MUNICIPIO";"4300646";0;0,682;0;0
"15";2015;"MUNICIPIO";"4300661";0;0,72;0;0
"16";2015;"MUNICIPIO";"4300703";0;0,74;0;0
"17";2015;"MUNICIPIO";"4300802";0;0,758;0;0
"18";2015;"MUNICIPIO";"4300851";0;0,691;0;0
"19";2015;"MUNICIPIO";"4300877";0;0,679;0;0
"20";2015;"MUNICIPIO";"4300901";0;0,772;0;0
"21";2015;"MUNICIPIO";"4301008";0;0,769;0;0
"22";2015;"MUNICIPIO";"4301057";0;0,669;0;0
"23";2015;"MUNICIPIO";"4301073";0;0,74;0;0
"24";2015;"MUNICIPIO";"4301107";0;0,707;0;0
"25";2015;"MUNICIPIO";"4301206";0;0,698;0;0
"26";2015;"MUNICIPIO";"4301305";0;0,657;0;0
"27";2015;"MUNICIPIO";"4301404";0;0,694;0;0
"28";2015;"MUNICIPIO";"4301503";0;0,743;0;0
"29";2015;"MUNICIPIO";"4301552";0;0,707;0;0
"30";2015;"MUNICIPIO";"4301602";0;0,74;0;0
"31";2015;"MUNICIPIO";"4301636";0;0,696;0;0
"32";2015;"MUNICIPIO";"4301651";0;0,748;0;0
"33";2015;"MUNICIPIO";"4301701";0;0,719;0;0
"34";2015;"MUNICIPIO";"4301750";0;0,61;0;0
"35";2015;"MUNICIPIO";"4301800";0;0,734;0;0
"36";2015;"MUNICIPIO";"4301859";0;0,662;0;0
"37";2015;"MUNICIPIO";"4301875";0;0,67;0;0
"38";2015;"MUNICIPIO";"4301909";0;0,723;0;0
"39";2015;"MUNICIPIO";"4301925";0;0,763;0;0
"40";2015;"MUNICIPIO";"4301958";0;0,71;0;0
"41";2015;"MUNICIPIO";"4302006";0;0,65;0;0
"42";2015;"MUNICIPIO";"4302055";0;0,619;0;0
"43";2015;"MUNICIPIO";"4302105";0;0,778;0;0
"44";2015;"MUNICIPIO";"4302154";0;0,676;0;0
"45";2015;"MUNICIPIO";"4302204";0;0,762;0;0
"46";2015;"MUNICIPIO";"4302220";0;0,703;0;0
"47";2015;"MUNICIPIO";"4302238";0;0,731;0;0
"48";2015;"MUNICIPIO";"4302253";0;0,728;0;0
"49";2015;"MUNICIPIO";"4302303";0;0,666;0;0
"50";2015;"MUNICIPIO";"4302352";0;0,746;0;0
"51";2015;"MUNICIPIO";"4302378";0;0,723;0;0
"52";2015;"MUNICIPIO";"4302402";0;0,739;0;0
"53";2015;"MUNICIPIO";"4302451";0;0,7;0;0
"54";2015;"MUNICIPIO";"4302501";0;0,692;0;0
"55";2015;"MUNICIPIO";"4302584";0;0,745;0;0
"56";2015;"MUNICIPIO";"4302600";0;0,674;0;0
"57";2015;"MUNICIPIO";"4302659";0;0,699;0;0
"58";2015;"MUNICIPIO";"4302709";0;0,689;0;0
"59";2015;"MUNICIPIO";"4302808";0;0,704;0;0
"60";2015;"MUNICIPIO";"4302907";0;0,7;0;0
"61";2015;"MUNICIPIO";"4303004";0;0,742;0;0
"62";2015;"MUNICIPIO";"4303103";0;0,757;0;0
"63";2015;"MUNICIPIO";"4303202";0;0,662;0;0
"64";2015;"MUNICIPIO";"4303301";0;0,719;0;0
"65";2015;"MUNICIPIO";"4303400";0;0,699;0;0
"66";2015;"MUNICIPIO";"4303509";0;0,697;0;0
"67";2015;"MUNICIPIO";"4303558";0;0,736;0;0
"68";2015;"MUNICIPIO";"4303608";0;0,697;0;0
"69";2015;"MUNICIPIO";"4303673";0;0,706;0;0
"70";2015;"MUNICIPIO";"4303707";0;0,738;0;0
"71";2015;"MUNICIPIO";"4303806";0;0,76;0;0
"72";2015;"MUNICIPIO";"4303905";0;0,745;0;0
"73";2015;"MUNICIPIO";"4304002";0;0,703;0;0
"74";2015;"MUNICIPIO";"4304101";0;0,708;0;0
"75";2015;"MUNICIPIO";"4304200";0;0,674;0;0
"76";2015;"MUNICIPIO";"4304309";0;0,728;0;0
"77";2015;"MUNICIPIO";"4304358";0;0,698;0;0
"78";2015;"MUNICIPIO";"4304408";0;0,748;0;0
"79";2015;"MUNICIPIO";"4304507";0;0,65;0;0
"80";2015;"MUNICIPIO";"4304606";0;0,75;0;0
"81";2015;"MUNICIPIO";"4304614";0;0,713;0;0
"82";2015;"MUNICIPIO";"4304622";0;0,637;0;0
"83";2015;"MUNICIPIO";"4304630";0;0,743;0;0
"84";2015;"MUNICIPIO";"4304655";0;0,672;0;0
"85";2015;"MUNICIPIO";"4304663";0;0,637;0;0
"86";2015;"MUNICIPIO";"4304671";0;0,661;0;0
"87";2015;"MUNICIPIO";"4304689";0;0,746;0;0
"88";2015;"MUNICIPIO";"4304697";0;0,766;0;0
"89";2015;"MUNICIPIO";"4304705";0;0,652;0;0
"90";2015;"MUNICIPIO";"4304713";0;0,766;0;0
"91";2015;"MUNICIPIO";"4304804";0;0,796;0;0
"92";2015;"MUNICIPIO";"4304853";0;0,739;0;0
"93";2015;"MUNICIPIO";"4304903";0;0,785;0;0
"94";2015;"MUNICIPIO";"4304952";0;0,703;0;0
"95";2015;"MUNICIPIO";"4305009";0;0,739;0;0
"96";2015;"MUNICIPIO";"4305108";0;0,782;0;0
"97";2015;"MUNICIPIO";"4305116";0;0,701;0;0
"98";2015;"MUNICIPIO";"4305124";0;0,649;0;0
"99";2015;"MUNICIPIO";"4305132";0;0,661;0;0
"100";2015;"MUNICIPIO";"4305157";0;0,674;0;0
"101";2015;"MUNICIPIO";"4305173";0;0,66;0;0
"102";2015;"MUNICIPIO";"4305207";0;0,764;0;0
"103";2015;"MUNICIPIO";"4305306";0;0,757;0;0
"104";2015;"MUNICIPIO";"4305355";0;0,747;0;0
"105";2015;"MUNICIPIO";"4305371";0;0,62;0;0
"106";2015;"MUNICIPIO";"4305405";0;0,732;0;0
"107";2015;"MUNICIPIO";"4305439";0;0,706;0;0
"108";2015;"MUNICIPIO";"4305447";0;0,616;0;0
"109";2015;"MUNICIPIO";"4305454";0;0,729;0;0
"110";2015;"MUNICIPIO";"4305504";0;0,719;0;0
"111";2015;"MUNICIPIO";"4305587";0;0,765;0;0
"112";2015;"MUNICIPIO";"4305603";0;0,758;0;0
"113";2015;"MUNICIPIO";"4305702";0;0,747;0;0
"114";2015;"MUNICIPIO";"4305801";0;0,754;0;0
"115";2015;"MUNICIPIO";"4305835";0;0,692;0;0
"116";2015;"MUNICIPIO";"4305850";0;0,746;0;0
"117";2015;"MUNICIPIO";"4305871";0;0,744;0;0
"118";2015;"MUNICIPIO";"4305900";0;0,665;0;0
"119";2015;"MUNICIPIO";"4305934";0;0,727;0;0
"120";2015;"MUNICIPIO";"4305959";0;0,741;0;0
"121";2015;"MUNICIPIO";"4305975";0;0,706;0;0
"122";2015;"MUNICIPIO";"4306007";0;0,712;0;0
"123";2015;"MUNICIPIO";"4306056";0;0,644;0;0
"124";2015;"MUNICIPIO";"4306072";0;0,66;0;0
"125";2015;"MUNICIPIO";"4306106";0;0,75;0;0
"126";2015;"MUNICIPIO";"4306130";0;0,719;0;0
"127";2015;"MUNICIPIO";"4306205";0;0,723;0;0
"128";2015;"MUNICIPIO";"4306304";0;0,762;0;0
"129";2015;"MUNICIPIO";"4306320";0;0,707;0;0
"130";2015;"MUNICIPIO";"4306353";0;0,654;0;0
"131";2015;"MUNICIPIO";"4306379";0;0,648;0;0
"132";2015;"MUNICIPIO";"4306403";0;0,743;0;0
"133";2015;"MUNICIPIO";"4306429";0;0,67;0;0
"134";2015;"MUNICIPIO";"4306452";0;0,757;0;0
"135";2015;"MUNICIPIO";"4306502";0;0,587;0;0
"136";2015;"MUNICIPIO";"4306551";0;0,708;0;0
"137";2015;"MUNICIPIO";"4306601";0;0,691;0;0
"138";2015;"MUNICIPIO";"4306700";0;0,697;0;0
"139";2015;"MUNICIPIO";"4306734";0;0,706;0;0
"140";2015;"MUNICIPIO";"4306759";0;0,724;0;0
"141";2015;"MUNICIPIO";"4306767";0;0,717;0;0
"142";2015;"MUNICIPIO";"4306809";0;0,767;0;0
"143";2015;"MUNICIPIO";"4306908";0;0,657;0;0
"144";2015;"MUNICIPIO";"4306924";0;0,717;0;0
"145";2015;"MUNICIPIO";"4306932";0;0,68;0;0
"146";2015;"MUNICIPIO";"4306957";0;0,703;0;0
"147";2015;"MUNICIPIO";"4306973";0;0,712;0;0
"148";2015;"MUNICIPIO";"4307005";0;0,776;0;0
"149";2015;"MUNICIPIO";"4307054";0;0,716;0;0
"150";2015;"MUNICIPIO";"4307104";0;0,681;0;0
"151";2015;"MUNICIPIO";"4307203";0;0,685;0;0
"152";2015;"MUNICIPIO";"4307302";0;0,68;0;0
"153";2015;"MUNICIPIO";"4307401";0;0,661;0;0
"154";2015;"MUNICIPIO";"4307450";0;0,765;0;0
"155";2015;"MUNICIPIO";"4307500";0;0,753;0;0
"156";2015;"MUNICIPIO";"4307559";0;0,757;0;0
"157";2015;"MUNICIPIO";"4307609";0;0,754;0;0
"158";2015;"MUNICIPIO";"4307708";0;0,767;0;0
"159";2015;"MUNICIPIO";"4307807";0;0,679;0;0
"160";2015;"MUNICIPIO";"4307815";0;0,712;0;0
"161";2015;"MUNICIPIO";"4307831";0;0,763;0;0
"162";2015;"MUNICIPIO";"4307864";0;0,777;0;0
"163";2015;"MUNICIPIO";"4307906";0;0,72;0;0
"164";2015;"MUNICIPIO";"4308003";0;0,666;0;0
"165";2015;"MUNICIPIO";"4308052";0;0,698;0;0
"166";2015;"MUNICIPIO";"4308078";0;0,75;0;0
"167";2015;"MUNICIPIO";"4308102";0;0,754;0;0
"168";2015;"MUNICIPIO";"4308201";0;0,663;0;0
"169";2015;"MUNICIPIO";"4308250";0;0,661;0;0
"170";2015;"MUNICIPIO";"4308300";0;0,682;0;0
"171";2015;"MUNICIPIO";"4308409";0;0,683;0;0
"172";2015;"MUNICIPIO";"4308433";0;0,756;0;0
"173";2015;"MUNICIPIO";"4308458";0;0,76;0;0
"174";2015;"MUNICIPIO";"4308508";0;0,786;0;0
"175";2015;"MUNICIPIO";"4308607";0;0,671;0;0
"176";2015;"MUNICIPIO";"4308656";0;0,738;0;0
"177";2015;"MUNICIPIO";"4308706";0;0,686;0;0
"178";2015;"MUNICIPIO";"4308805";0;0,733;0;0
"179";2015;"MUNICIPIO";"4308854";0;0,746;0;0
"180";2015;"MUNICIPIO";"4308904";0;0,721;0;0
"181";2015;"MUNICIPIO";"4309001";0;0,714;0;0
"182";2015;"MUNICIPIO";"4309050";0;0,764;0;0
"183";2015;"MUNICIPIO";"4309100";0;0,685;0;0
"184";2015;"MUNICIPIO";"4309126";0;0,634;0;0
"185";2015;"MUNICIPIO";"4309159";0;0,736;0;0
"186";2015;"MUNICIPIO";"4309209";0;0,758;0;0
"187";2015;"MUNICIPIO";"4309258";0;0,73;0;0
"188";2015;"MUNICIPIO";"4309308";0;0,765;0;0
"189";2015;"MUNICIPIO";"4309407";0;0,737;0;0
"190";2015;"MUNICIPIO";"4309506";0;0,749;0;0
"191";2015;"MUNICIPIO";"4309555";0;0,687;0;0
"192";2015;"MUNICIPIO";"4309571";0;0,616;0;0
"193";2015;"MUNICIPIO";"4309605";0;0,783;0;0
"194";2015;"MUNICIPIO";"4309654";0;0,643;0;0
"195";2015;"MUNICIPIO";"4309704";0;0,738;0;0
"196";2015;"MUNICIPIO";"4309753";0;0,652;0;0
"197";2015;"MUNICIPIO";"4309803";0;0,739;0;0
"198";2015;"MUNICIPIO";"4309902";0;0,724;0;0
"199";2015;"MUNICIPIO";"4309951";0;0,638;0;0
"200";2015;"MUNICIPIO";"4310009";0;0,765;0;0
"201";2015;"MUNICIPIO";"4310108";0;0,721;0;0
"202";2015;"MUNICIPIO";"4310207";0;0,781;0;0
"203";2015;"MUNICIPIO";"4310306";0;0,73;0;0
"204";2015;"MUNICIPIO";"4310330";0;0,764;0;0
"205";2015;"MUNICIPIO";"4310363";0;0,743;0;0
"206";2015;"MUNICIPIO";"4310405";0;0,693;0;0
"207";2015;"MUNICIPIO";"4310413";0;0,673;0;0
"208";2015;"MUNICIPIO";"4310439";0;0,728;0;0
"209";2015;"MUNICIPIO";"4310462";0;0,791;0;0
"210";2015;"MUNICIPIO";"4310504";0;0,691;0;0
"211";2015;"MUNICIPIO";"4310538";0;0,76;0;0
"212";2015;"MUNICIPIO";"4310553";0;0,657;0;0
"213";2015;"MUNICIPIO";"4310579";0;0,664;0;0
"214";2015;"MUNICIPIO";"4310603";0;0,713;0;0
"215";2015;"MUNICIPIO";"4310652";0;0,669;0;0
"216";2015;"MUNICIPIO";"4310702";0;0,681;0;0
"217";2015;"MUNICIPIO";"4310751";0;0,724;0;0
"218";2015;"MUNICIPIO";"4310801";0;0,784;0;0
"219";2015;"MUNICIPIO";"4310850";0;0,658;0;0
"220";2015;"MUNICIPIO";"4310876";0;0,662;0;0
"221";2015;"MUNICIPIO";"4310900";0;0,726;0;0
"222";2015;"MUNICIPIO";"4311007";0;0,707;0;0
"223";2015;"MUNICIPIO";"4311106";0;0,712;0;0
"224";2015;"MUNICIPIO";"4311122";0;0,614;0;0
"225";2015;"MUNICIPIO";"4311130";0;0,631;0;0
"226";2015;"MUNICIPIO";"4311155";0;0,686;0;0
"227";2015;"MUNICIPIO";"4311205";0;0,716;0;0
"228";2015;"MUNICIPIO";"4311239";0;0,67;0;0
"229";2015;"MUNICIPIO";"4311254";0;0,789;0;0
"230";2015;"MUNICIPIO";"4311270";0;0,738;0;0
"231";2015;"MUNICIPIO";"4311304";0;0,643;0;0
"232";2015;"MUNICIPIO";"4311403";0;0,778;0;0
"233";2015;"MUNICIPIO";"4311429";0;0,613;0;0
"234";2015;"MUNICIPIO";"4311502";0;0,699;0;0
"235";2015;"MUNICIPIO";"4311601";0;0,685;0;0
"236";2015;"MUNICIPIO";"4311627";0;0,712;0;0
"237";2015;"MUNICIPIO";"4311643";0;0,749;0;0
"238";2015;"MUNICIPIO";"4311700";0;0,684;0;0
"239";2015;"MUNICIPIO";"4311718";0;0,692;0;0
"240";2015;"MUNICIPIO";"4311734";0;0,649;0;0
"241";2015;"MUNICIPIO";"4311759";0;0,655;0;0
"242";2015;"MUNICIPIO";"4311775";0;0,682;0;0
"243";2015;"MUNICIPIO";"4311791";0;0,697;0;0
"244";2015;"MUNICIPIO";"4311809";0;0,774;0;0
"245";2015;"MUNICIPIO";"4311908";0;0,724;0;0
"246";2015;"MUNICIPIO";"4311981";0;0,701;0;0
"247";2015;"MUNICIPIO";"4312005";0;0,73;0;0
"248";2015;"MUNICIPIO";"4312054";0;0,687;0;0
"249";2015;"MUNICIPIO";"4312104";0;0,656;0;0
"250";2015;"MUNICIPIO";"4312138";0;0,727;0;0
"251";2015;"MUNICIPIO";"4312153";0;0,746;0;0
"252";2015;"MUNICIPIO";"4312179";0;0,717;0;0
"253";2015;"MUNICIPIO";"4312203";0;0,699;0;0
"254";2015;"MUNICIPIO";"4312252";0;0,681;0;0
"255";2015;"MUNICIPIO";"4312302";0;0,725;0;0
"256";2015;"MUNICIPIO";"4312351";0;0,764;0;0
"257";2015;"MUNICIPIO";"4312377";0;0,65;0;0
"258";2015;"MUNICIPIO";"4312385";0;0,752;0;0
"259";2015;"MUNICIPIO";"4312401";0;0,755;0;0
"260";2015;"MUNICIPIO";"4312427";0;0,714;0;0
"261";2015;"MUNICIPIO";"4312443";0;0,711;0;0
"262";2015;"MUNICIPIO";"4312450";0;0,702;0;0
"263";2015;"MUNICIPIO";"4312476";0;0,743;0;0
"264";2015;"MUNICIPIO";"4312500";0;0,664;0;0
"265";2015;"MUNICIPIO";"4312609";0;0,746;0;0
"266";2015;"MUNICIPIO";"4312617";0;0,702;0;0
"267";2015;"MUNICIPIO";"4312625";0;0,689;0;0
"268";2015;"MUNICIPIO";"4312658";0;0,765;0;0
"269";2015;"MUNICIPIO";"4312674";0;0,753;0;0
"270";2015;"MUNICIPIO";"4312708";0;0,702;0;0
"271";2015;"MUNICIPIO";"4312757";0;0,74;0;0
"272";2015;"MUNICIPIO";"4312807";0;0,785;0;0
"273";2015;"MUNICIPIO";"4312906";0;0,747;0;0
"274";2015;"MUNICIPIO";"4312955";0;0,768;0;0
"275";2015;"MUNICIPIO";"4313003";0;0,778;0;0
"276";2015;"MUNICIPIO";"4313011";0;0,759;0;0
"277";2015;"MUNICIPIO";"4313037";0;0,735;0;0
"278";2015;"MUNICIPIO";"4313060";0;0,689;0;0
"279";2015;"MUNICIPIO";"4313086";0;0,761;0;0
"280";2015;"MUNICIPIO";"4313102";0;0,744;0;0
"281";2015;"MUNICIPIO";"4313201";0;0,78;0;0
"282";2015;"MUNICIPIO";"4313300";0;0,766;0;0
"283";2015;"MUNICIPIO";"4313334";0;0,742;0;0
"284";2015;"MUNICIPIO";"4313359";0;0,741;0;0
"285";2015;"MUNICIPIO";"4313375";0;0,718;0;0
"286";2015;"MUNICIPIO";"4313391";0;0,706;0;0
"287";2015;"MUNICIPIO";"4313409";0;0,688;0;0
"288";2015;"MUNICIPIO";"4313425";0;0,747;0;0
"289";2015;"MUNICIPIO";"4313441";0;0,663;0;0
"290";2015;"MUNICIPIO";"4313466";0;0,676;0;0
"291";2015;"MUNICIPIO";"4313490";0;0,767;0;0
"292";2015;"MUNICIPIO";"4313508";0;0,751;0;0
"293";2015;"MUNICIPIO";"4313607";0;0,706;0;0
"294";2015;"MUNICIPIO";"4313656";0;0,715;0;0
"295";2015;"MUNICIPIO";"4313706";0;0,737;0;0
"296";2015;"MUNICIPIO";"4313805";0;0,72;0;0
"297";2015;"MUNICIPIO";"4313904";0;0,761;0;0
"298";2015;"MUNICIPIO";"4313953";0;0,661;0;0
"299";2015;"MUNICIPIO";"4314001";0;0,773;0;0
"300";2015;"MUNICIPIO";"4314027";0;0,676;0;0
"301";2015;"MUNICIPIO";"4314035";0;0,749;0;0
"302";2015;"MUNICIPIO";"4314050";0;0,704;0;0
"303";2015;"MUNICIPIO";"4314068";0;0,622;0;0
"304";2015;"MUNICIPIO";"4314076";0;0,698;0;0
"305";2015;"MUNICIPIO";"4314100";0;0,776;0;0
"306";2015;"MUNICIPIO";"4314134";0;0,71;0;0
"307";2015;"MUNICIPIO";"4314159";0;0,683;0;0
"308";2015;"MUNICIPIO";"4314175";0;0,64;0;0
"309";2015;"MUNICIPIO";"4314209";0;0,678;0;0
"310";2015;"MUNICIPIO";"4314308";0;0,741;0;0
"311";2015;"MUNICIPIO";"4314407";0;0,739;0;0
"312";2015;"MUNICIPIO";"4314423";0;0,758;0;0
"313";2015;"MUNICIPIO";"4314456";0;0,72;0;0
"314";2015;"MUNICIPIO";"4314464";0;0,65;0;0
"315";2015;"MUNICIPIO";"4314472";0;0,678;0;0
"316";2015;"MUNICIPIO";"4314498";0;0,71;0;0
"317";2015;"MUNICIPIO";"4314506";0;0,661;0;0
"318";2015;"MUNICIPIO";"4314555";0;0,669;0;0
"319";2015;"MUNICIPIO";"4314605";0;0,658;0;0
"320";2015;"MUNICIPIO";"4314704";0;0,687;0;0
"321";2015;"MUNICIPIO";"4314753";0;0,744;0;0
"322";2015;"MUNICIPIO";"4314779";0;0,725;0;0
"323";2015;"MUNICIPIO";"4314787";0;0,725;0;0
"324";2015;"MUNICIPIO";"4314803";0;0,713;0;0
"325";2015;"MUNICIPIO";"4314902";0;0,805;0;0
"326";2015;"MUNICIPIO";"4315008";0;0,693;0;0
"327";2015;"MUNICIPIO";"4315057";0;0,698;0;0
"328";2015;"MUNICIPIO";"4315073";0;0,69;0;0
"329";2015;"MUNICIPIO";"4315107";0;0,723;0;0
"330";2015;"MUNICIPIO";"4315131";0;0,715;0;0
"331";2015;"MUNICIPIO";"4315149";0;0,757;0;0
"332";2015;"MUNICIPIO";"4315156";0;0,683;0;0
"333";2015;"MUNICIPIO";"4315172";0;0,733;0;0
"334";2015;"MUNICIPIO";"4315206";0;0,715;0;0
"335";2015;"MUNICIPIO";"4315305";0;0,704;0;0
"336";2015;"MUNICIPIO";"4315313";0;0,689;0;0
"337";2015;"MUNICIPIO";"4315321";0;0,665;0;0
"338";2015;"MUNICIPIO";"4315354";0;0,756;0;0
"339";2015;"MUNICIPIO";"4315404";0;0,631;0;0
"340";2015;"MUNICIPIO";"4315453";0;0,731;0;0
"341";2015;"MUNICIPIO";"4315503";0;0,683;0;0
"342";2015;"MUNICIPIO";"4315552";0;0,656;0;0
"343";2015;"MUNICIPIO";"4315602";0;0,744;0;0
"344";2015;"MUNICIPIO";"4315701";0;0,693;0;0
"345";2015;"MUNICIPIO";"4315750";0;0,661;0;0
"346";2015;"MUNICIPIO";"4315800";0;0,729;0;0
"347";2015;"MUNICIPIO";"4315909";0;0,732;0;0
"348";2015;"MUNICIPIO";"4315958";0;0,689;0;0
"349";2015;"MUNICIPIO";"4316006";0;0,688;0;0
"350";2015;"MUNICIPIO";"4316105";0;0,724;0;0
"351";2015;"MUNICIPIO";"4316204";0;0,764;0;0
"352";2015;"MUNICIPIO";"4316303";0;0,688;0;0
"353";2015;"MUNICIPIO";"4316402";0;0,699;0;0
"354";2015;"MUNICIPIO";"4316428";0;0,678;0;0
"355";2015;"MUNICIPIO";"4316436";0;0,762;0;0
"356";2015;"MUNICIPIO";"4316451";0;0,687;0;0
"357";2015;"MUNICIPIO";"4316477";0;0,753;0;0
"358";2015;"MUNICIPIO";"4316501";0;0,74;0;0
"359";2015;"MUNICIPIO";"4316600";0;0,747;0;0
"360";2015;"MUNICIPIO";"4316709";0;0,727;0;0
"361";2015;"MUNICIPIO";"4316733";0;0,725;0;0
"362";2015;"MUNICIPIO";"4316758";0;0,725;0;0
"363";2015;"MUNICIPIO";"4316808";0;0,74;0;0
"364";2015;"MUNICIPIO";"4316907";0;0,773;0;0
"365";2015;"MUNICIPIO";"4316956";0;0,663;0;0
"366";2015;"MUNICIPIO";"4316972";0;0,784;0;0
"367";2015;"MUNICIPIO";"4317004";0;0,676;0;0
"368";2015;"MUNICIPIO";"4317103";0;0,769;0;0
"369";2015;"MUNICIPIO";"4317202";0;0,746;0;0
"370";2015;"MUNICIPIO";"4317251";0;0,712;0;0
"371";2015;"MUNICIPIO";"4317301";0;0,633;0;0
"372";2015;"MUNICIPIO";"4317400";0;0,766;0;0
"373";2015;"MUNICIPIO";"4317509";0;0,772;0;0
"374";2015;"MUNICIPIO";"4317558";0;0,717;0;0
"375";2015;"MUNICIPIO";"4317608";0;0,686;0;0
"376";2015;"MUNICIPIO";"4317707";0;0,764;0;0
"377";2015;"MUNICIPIO";"4317756";0;0,759;0;0
"378";2015;"MUNICIPIO";"4317806";0;0,739;0;0
"379";2015;"MUNICIPIO";"4317905";0;0,738;0;0
"380";2015;"MUNICIPIO";"4317954";0;0,732;0;0
"381";2015;"MUNICIPIO";"4318002";0;0,736;0;0
"382";2015;"MUNICIPIO";"4318051";0;0,763;0;0
"383";2015;"MUNICIPIO";"4318101";0;0,675;0;0
"384";2015;"MUNICIPIO";"4318200";0;0,685;0;0
"385";2015;"MUNICIPIO";"4318309";0;0,699;0;0
"386";2015;"MUNICIPIO";"4318408";0;0,696;0;0
"387";2015;"MUNICIPIO";"4318424";0;0,694;0;0
"388";2015;"MUNICIPIO";"4318432";0;0,748;0;0
"389";2015;"MUNICIPIO";"4318440";0;0,732;0;0
"390";2015;"MUNICIPIO";"4318457";0;0,651;0;0
"391";2015;"MUNICIPIO";"4318465";0;0,717;0;0
"392";2015;"MUNICIPIO";"4318481";0;0,707;0;0
"393";2015;"MUNICIPIO";"4318499";0;0,747;0;0
"394";2015;"MUNICIPIO";"4318507";0;0,623;0;0
"395";2015;"MUNICIPIO";"4318606";0;0,755;0;0
"396";2015;"MUNICIPIO";"4318614";0;0,725;0;0
"397";2015;"MUNICIPIO";"4318622";0;0,663;0;0
"398";2015;"MUNICIPIO";"4318705";0;0,739;0;0
"399";2015;"MUNICIPIO";"4318804";0;0,687;0;0
"400";2015;"MUNICIPIO";"4318903";0;0,741;0;0
"401";2015;"MUNICIPIO";"4319000";0;0,768;0;0
"402";2015;"MUNICIPIO";"4319109";0;0,726;0;0
"403";2015;"MUNICIPIO";"4319125";0;0,652;0;0
"404";2015;"MUNICIPIO";"4319158";0;0,667;0;0
"405";2015;"MUNICIPIO";"4319208";0;0,645;0;0
"406";2015;"MUNICIPIO";"4319307";0;0,692;0;0
"407";2015;"MUNICIPIO";"4319356";0;0,739;0;0
"408";2015;"MUNICIPIO";"4319364";0;0,664;0;0
"409";2015;"MUNICIPIO";"4319372";0;0,763;0;0
"410";2015;"MUNICIPIO";"4319406";0;0,709;0;0
"411";2015;"MUNICIPIO";"4319505";0;0,739;0;0
"412";2015;"MUNICIPIO";"4319604";0;0,708;0;0
"413";2015;"MUNICIPIO";"4319703";0;0,72;0;0
"414";2015;"MUNICIPIO";"4319711";0;0,764;0;0
"415";2015;"MUNICIPIO";"4319737";0;0,642;0;0
"416";2015;"MUNICIPIO";"4319752";0;0,754;0;0
"417";2015;"MUNICIPIO";"4319802";0;0,685;0;0
"418";2015;"MUNICIPIO";"4319901";0;0,711;0;0
"419";2015;"MUNICIPIO";"4320008";0;0,726;0;0
"420";2015;"MUNICIPIO";"4320107";0;0,777;0;0
"421";2015;"MUNICIPIO";"4320206";0;0,723;0;0
"422";2015;"MUNICIPIO";"4320230";0;0,712;0;0
"423";2015;"MUNICIPIO";"4320263";0;0,659;0;0
"424";2015;"MUNICIPIO";"4320305";0;0,777;0;0
"425";2015;"MUNICIPIO";"4320321";0;0,693;0;0
"426";2015;"MUNICIPIO";"4320354";0;0,671;0;0
"427";2015;"MUNICIPIO";"4320404";0;0,76;0;0
"428";2015;"MUNICIPIO";"4320453";0;0,652;0;0
"429";2015;"MUNICIPIO";"4320503";0;0,751;0;0
"430";2015;"MUNICIPIO";"4320552";0;0,689;0;0
"431";2015;"MUNICIPIO";"4320578";0;0,683;0;0
"432";2015;"MUNICIPIO";"4320602";0;0,752;0;0
"433";2015;"MUNICIPIO";"4320651";0;0,742;0;0
"434";2015;"MUNICIPIO";"4320677";0;0,631;0;0
"435";2015;"MUNICIPIO";"4320701";0;0,743;0;0
"436";2015;"MUNICIPIO";"4320800";0;0,731;0;0
"437";2015;"MUNICIPIO";"4320859";0;0,701;0;0
"438";2015;"MUNICIPIO";"4320909";0;0,76;0;0
"439";2015;"MUNICIPIO";"4321006";0;0,747;0;0
"440";2015;"MUNICIPIO";"4321105";0;0,695;0;0
"441";2015;"MUNICIPIO";"4321204";0;0,727;0;0
"442";2015;"MUNICIPIO";"4321303";0;0,733;0;0
"443";2015;"MUNICIPIO";"4321329";0;0,739;0;0
"444";2015;"MUNICIPIO";"4321352";0;0,656;0;0
"445";2015;"MUNICIPIO";"4321402";0;0,708;0;0
"446";2015;"MUNICIPIO";"4321436";0;0,689;0;0
"447";2015;"MUNICIPIO";"4321451";0;0,747;0;0
"448";2015;"MUNICIPIO";"4321469";0;0,742;0;0
"449";2015;"MUNICIPIO";"4321477";0;0,689;0;0
"450";2015;"MUNICIPIO";"4321493";0;0,683;0;0
"451";2015;"MUNICIPIO";"4321501";0;0,762;0;0
"452";2015;"MUNICIPIO";"4321600";0;0,719;0;0
"453";2015;"MUNICIPIO";"4321626";0;0,701;0;0
"454";2015;"MUNICIPIO";"4321634";0;0,791;0;0
"455";2015;"MUNICIPIO";"4321667";0;0,718;0;0
"456";2015;"MUNICIPIO";"4321709";0;0,71;0;0
"457";2015;"MUNICIPIO";"4321808";0;0,759;0;0
"458";2015;"MUNICIPIO";"4321832";0;0,662;0;0
"459";2015;"MUNICIPIO";"4321857";0;0,703;0;0
"460";2015;"MUNICIPIO";"4321907";0;0,768;0;0
"461";2015;"MUNICIPIO";"4321956";0;0,687;0;0
"462";2015;"MUNICIPIO";"4322004";0;0,733;0;0
"463";2015;"MUNICIPIO";"4322103";0;0,747;0;0
"464";2015;"MUNICIPIO";"4322152";0;0,657;0;0
"465";2015;"MUNICIPIO";"4322186";0;0,694;0;0
"466";2015;"MUNICIPIO";"4322202";0;0,709;0;0
"467";2015;"MUNICIPIO";"4322251";0;0,718;0;0
"468";2015;"MUNICIPIO";"4322301";0;0,728;0;0
"469";2015;"MUNICIPIO";"4322327";0;0,629;0;0
"470";2015;"MUNICIPIO";"4322343";0;0,7;0;0
"471";2015;"MUNICIPIO";"4322350";0;0,733;0;0
"472";2015;"MUNICIPIO";"4322376";0;0,649;0;0
"473";2015;"MUNICIPIO";"4322400";0;0,744;0;0
"474";2015;"MUNICIPIO";"4322509";0;0,721;0;0
"475";2015;"MUNICIPIO";"4322525";0;0,624;0;0
"476";2015;"MUNICIPIO";"4322533";0;0,737;0;0
"477";2015;"MUNICIPIO";"4322541";0;0,646;0;0
"478";2015;"MUNICIPIO";"4322558";0;0,757;0;0
"479";2015;"MUNICIPIO";"4322608";0;0,712;0;0
"480";2015;"MUNICIPIO";"4322707";0;0,737;0;0
"481";2015;"MUNICIPIO";"4322806";0;0,773;0;0
"482";2015;"MUNICIPIO";"4322855";0;0,723;0;0
"483";2015;"MUNICIPIO";"4322905";0;0,702;0;0
"484";2015;"MUNICIPIO";"4323002";0;0,717;0;0
"485";2015;"MUNICIPIO";"4323101";0;0,638;0;0
"486";2015;"MUNICIPIO";"4323200";0;0,777;0;0
"487";2015;"MUNICIPIO";"4323309";0;0,742;0;0
"488";2015;"MUNICIPIO";"4323358";0;0,705;0;0
"489";2015;"MUNICIPIO";"4323408";0;0,761;0;0
"490";2015;"MUNICIPIO";"4323457";0;0,662;0;0
"491";2015;"MUNICIPIO";"4323507";0;0,739;0;0
"492";2015;"MUNICIPIO";"4323606";0;0,78;0;0
"493";2015;"MUNICIPIO";"4323705";0;0,757;0;0
"494";2015;"MUNICIPIO";"4323754";0;0,655;0;0
"495";2015;"MUNICIPIO";"4323770";0;0,752;0;0
"496";2015;"MUNICIPIO";"4323804";0;0,735;0;0
"497";2015;"UF";"43";787;746;772;716
