"";"ANO";"NIVEL";"CODMUNRES";"POPRE_T";"POPRC_T";"POPRC_M";"POPRC_F";"POPRC_15";"POPRC_15_49";"POPRC_50";"POPRC_F_15";"POPRC_F_15_49";"POPRC_F_50"
"1";2015;"UF";"43";11247972;10693929;5205057;5488872;2229504;5727053;2737372;1094307;2894599;1499966
"2";2015;"MUNICIPIO";"4300034";4702;4394;2303;2091;1048;2246;1100;541;1052;NA
"3";2015;"MUNICIPIO";"4300059";3840;3722;1879;1843;808;1935;979;403;947;NA
"4";2015;"MUNICIPIO";"4300109";17120;16722;8349;8373;3201;8792;4729;1607;4274;NA
"5";2015;"MUNICIPIO";"4300208";7387;7255;3585;3670;1335;3715;2205;663;1837;NA
"6";2015;"MUNICIPIO";"4300307";6865;7045;3512;3533;1237;3120;2688;623;1509;NA
"7";2015;"MUNICIPIO";"4300406";78499;77653;38051;39602;16297;40318;21038;8088;20307;11207
"8";2015;"MUNICIPIO";"4300455";4135;4301;2149;2152;788;1942;1571;419;936;NA
"9";2015;"MUNICIPIO";"4300471";2091;2067;1041;1026;358;1035;674;180;513;NA
"10";2015;"MUNICIPIO";"4300505";7640;8027;4129;3898;1635;3906;2486;750;1865;1283
"11";2015;"MUNICIPIO";"4300554";1828;1848;944;904;320;921;607;154;447;NA
"12";2015;"MUNICIPIO";"4300570";3025;2917;1500;1417;465;1577;875;214;743;NA
"13";2015;"MUNICIPIO";"4300604";206561;195673;95080;100593;51347;107097;37229;25167;54594;20832
"14";2015;"MUNICIPIO";"4300638";6778;6353;3281;3072;1481;3347;1525;716;1633;723
"15";2015;"MUNICIPIO";"4300646";7569;7323;3732;3591;1803;3896;1624;894;1890;807
"16";2015;"MUNICIPIO";"4300661";1293;1216;620;596;241;587;388;126;273;NA
"17";2015;"MUNICIPIO";"4300703";6222;6073;3025;3048;952;3030;2091;492;1463;NA
"18";2015;"MUNICIPIO";"4300802";13285;12833;6405;6428;2277;6783;3773;1076;3367;1985
"19";2015;"MUNICIPIO";"4300851";3762;3693;1854;1839;778;1716;1199;385;850;NA
"20";2015;"MUNICIPIO";"4300877";5301;4864;2456;2408;1151;2662;1051;563;1292;NA
"21";2015;"MUNICIPIO";"4300901";6641;6565;3340;3225;1041;3255;2269;484;1576;NA
"22";2015;"MUNICIPIO";"4301008";20045;18783;9353;9430;3302;10361;5120;1623;5084;NA
"23";2015;"MUNICIPIO";"4301057";8785;7740;3833;3907;1685;3712;2343;830;1878;NA
"24";2015;"MUNICIPIO";"4301073";2883;2730;1414;1316;505;1367;858;244;639;NA
"25";2015;"MUNICIPIO";"4301107";14197;13606;6635;6971;3014;6947;3645;1494;3516;1961
"26";2015;"MUNICIPIO";"4301206";13316;12648;6384;6264;2701;6742;3205;1283;3298;NA
"27";2015;"MUNICIPIO";"4301305";18949;18470;9174;9296;4086;9255;5129;2031;4640;2625
"28";2015;"MUNICIPIO";"4301404";10595;10225;5134;5091;2073;5302;2850;1003;2612;NA
"29";2015;"MUNICIPIO";"4301503";7145;7096;3487;3609;1147;3482;2467;559;1735;1315
"30";2015;"MUNICIPIO";"4301552";3732;3665;1807;1858;658;1830;1177;350;877;631
"31";2015;"MUNICIPIO";"4301602";121749;116794;55804;60990;25527;60811;30456;12558;31247;17185
"32";2015;"MUNICIPIO";"4301636";12305;10856;5344;5512;2596;4716;3544;1272;2424;1816
"33";2015;"MUNICIPIO";"4301651";6061;5741;2912;2829;1039;3140;1562;538;1483;808
"34";2015;"MUNICIPIO";"4301701";6754;6529;3296;3233;1213;3329;1987;554;1611;1068
"35";2015;"MUNICIPIO";"4301750";7388;7018;3741;3277;1684;3716;1618;807;1718;NA
"36";2015;"MUNICIPIO";"4301800";5485;5357;2691;2666;1122;2660;1575;560;1314;792
"37";2015;"MUNICIPIO";"4301859";3236;3089;1550;1539;729;1579;781;372;769;NA
"38";2015;"MUNICIPIO";"4301875";4201;4012;2128;1884;1090;2137;785;507;1032;NA
"39";2015;"MUNICIPIO";"4301909";13263;12572;6253;6319;2811;6333;3428;1333;3145;NA
"40";2015;"MUNICIPIO";"4301925";1952;2003;1049;954;320;968;715;151;449;NA
"41";2015;"MUNICIPIO";"4301958";2497;2367;1177;1190;435;1259;673;200;639;NA
"42";2015;"MUNICIPIO";"4302006";11482;11133;5729;5404;2844;5535;2754;1354;2712;1338
"43";2015;"MUNICIPIO";"4302055";2264;2307;1195;1112;670;1129;508;318;534;NA
"44";2015;"MUNICIPIO";"4302105";113287;107278;52645;54633;19032;61877;26369;9468;30834;14331
"45";2015;"MUNICIPIO";"4302154";2170;2114;1056;1058;491;1097;526;228;572;NA
"46";2015;"MUNICIPIO";"4302204";6815;6574;3295;3279;1159;3471;1944;529;1725;NA
"47";2015;"MUNICIPIO";"4302220";2523;2441;1257;1184;459;1228;754;232;594;NA
"48";2015;"MUNICIPIO";"4302238";2559;2425;1243;1182;490;1300;635;234;625;323
"49";2015;"MUNICIPIO";"4302253";2859;2776;1469;1307;372;1382;1022;174;613;NA
"50";2015;"MUNICIPIO";"4302303";11797;11519;5703;5816;2895;5561;3063;1453;2801;1562
"51";2015;"MUNICIPIO";"4302352";12932;11789;6029;5760;2261;6884;2644;1076;3341;NA
"52";2015;"MUNICIPIO";"4302378";2261;2328;1167;1161;497;1154;677;252;568;NA
"53";2015;"MUNICIPIO";"4302402";12110;11472;5655;5817;2335;6161;2976;1125;3091;NA
"54";2015;"MUNICIPIO";"4302451";7912;7673;3937;3736;1812;4130;1731;894;1990;NA
"55";2015;"MUNICIPIO";"4302501";6873;6884;3509;3375;1472;3299;2113;725;1644;1006
"56";2015;"MUNICIPIO";"4302584";2238;2200;1100;1100;380;1034;786;187;516;NA
"57";2015;"MUNICIPIO";"4302600";3688;3702;1866;1836;850;1792;1060;420;881;NA
"58";2015;"MUNICIPIO";"4302659";4952;4675;2398;2277;771;2321;1583;372;1106;NA
"59";2015;"MUNICIPIO";"4302709";21192;20406;10032;10374;4754;10492;5160;2311;5278;2785
"60";2015;"MUNICIPIO";"4302808";34654;33690;16329;17361;6642;16602;10446;3302;8473;5586
"61";2015;"MUNICIPIO";"4302907";13685;13676;6836;6840;3000;6880;3796;1457;3420;NA
"62";2015;"MUNICIPIO";"4303004";85712;83827;40378;43449;16850;41716;25261;8240;21175;14034
"63";2015;"MUNICIPIO";"4303103";125975;118278;57173;61105;25903;66165;26210;12755;33790;14560
"64";2015;"MUNICIPIO";"4303202";5080;4868;2417;2451;1086;2422;1360;560;1182;NA
"65";2015;"MUNICIPIO";"4303301";5058;4954;2532;2422;954;2454;1546;417;1217;788
"66";2015;"MUNICIPIO";"4303400";5104;5071;2585;2486;986;2469;1616;467;1170;NA
"67";2015;"MUNICIPIO";"4303509";65835;62764;30900;31864;13527;33595;15642;6695;16780;8389
"68";2015;"MUNICIPIO";"4303558";2718;2592;1291;1301;480;1343;769;247;659;NA
"69";2015;"MUNICIPIO";"4303608";6695;6542;3350;3192;1568;3461;1513;751;1686;755
"70";2015;"MUNICIPIO";"4303673";3392;3247;1674;1573;676;1615;956;314;782;NA
"71";2015;"MUNICIPIO";"4303707";6070;6117;3056;3061;970;2896;2251;487;1399;NA
"72";2015;"MUNICIPIO";"4303806";5649;5506;2650;2856;954;2721;1831;489;1370;997
"73";2015;"MUNICIPIO";"4303905";64171;60074;29471;30603;12551;34774;12749;6198;17454;6951
"74";2015;"MUNICIPIO";"4304002";5276;5459;2685;2774;1205;2716;1538;582;1393;NA
"75";2015;"MUNICIPIO";"4304101";3535;3494;1754;1740;669;1716;1109;327;843;NA
"76";2015;"MUNICIPIO";"4304200";31476;30171;14752;15419;6225;15477;8469;3119;7671;4629
"77";2015;"MUNICIPIO";"4304309";6608;6535;3318;3217;1093;3266;2176;530;1550;NA
"78";2015;"MUNICIPIO";"4304358";9315;8771;4481;4290;2252;4844;1675;1097;2401;792
"79";2015;"MUNICIPIO";"4304408";42411;39229;19120;20109;9504;21684;8041;4622;11067;4420
"80";2015;"MUNICIPIO";"4304507";55801;53259;26856;26403;11023;26938;15298;5453;13097;7853
"81";2015;"MUNICIPIO";"4304606";341343;323827;155936;167891;72467;176707;74653;35647;90267;41977
"82";2015;"MUNICIPIO";"4304614";1828;1807;959;848;278;903;626;141;399;NA
"83";2015;"MUNICIPIO";"4304622";1770;1754;943;811;359;867;528;182;379;NA
"84";2015;"MUNICIPIO";"4304630";47148;42040;20616;21424;10368;22653;9019;5048;11535;4841
"85";2015;"MUNICIPIO";"4304655";3387;3104;1628;1476;705;1626;773;363;766;NA
"86";2015;"MUNICIPIO";"4304663";25382;24298;11962;12336;5999;12643;5656;2994;6422;2920
"87";2015;"MUNICIPIO";"4304671";4275;3890;1935;1955;890;2133;867;443;1078;NA
"88";2015;"MUNICIPIO";"4304689";11289;11612;5848;5764;2848;6209;2555;1390;3075;NA
"89";2015;"MUNICIPIO";"4304697";2756;2636;1353;1283;531;1293;812;260;601;NA
"90";2015;"MUNICIPIO";"4304705";62039;59317;28280;31037;12409;31412;15496;6079;16180;8778
"91";2015;"MUNICIPIO";"4304713";7863;7312;3798;3514;1445;3402;2465;740;1617;1157
"92";2015;"MUNICIPIO";"4304804";27565;25192;12662;12530;4317;14704;6171;2023;7273;3234
"93";2015;"MUNICIPIO";"4304853";1574;1607;834;773;277;823;507;133;376;NA
"94";2015;"MUNICIPIO";"4304903";9038;8651;4243;4408;1426;4461;2764;753;2175;NA
"95";2015;"MUNICIPIO";"4304952";3163;3007;1517;1490;662;1447;898;312;712;NA
"96";2015;"MUNICIPIO";"4305009";9402;9323;4590;4733;1665;4538;3120;798;2295;1640
"97";2015;"MUNICIPIO";"4305108";474853;435564;213612;221952;87527;251729;96308;43178;125681;53093
"98";2015;"MUNICIPIO";"4305116";3026;2965;1541;1424;486;1495;984;240;679;505
"99";2015;"MUNICIPIO";"4305124";6481;6402;3213;3189;1285;3048;2069;633;1508;NA
"100";2015;"MUNICIPIO";"4305132";4668;4454;2225;2229;807;2228;1419;420;1066;743
"101";2015;"MUNICIPIO";"4305157";2450;2417;1209;1208;522;1152;743;252;583;NA
"102";2015;"MUNICIPIO";"4305173";11263;10268;5355;4913;2603;5517;2148;1281;2653;NA
"103";2015;"MUNICIPIO";"4305207";13976;13289;6617;6672;2515;6989;3785;1193;3415;2064
"104";2015;"MUNICIPIO";"4305306";9613;9377;4593;4784;1541;4897;2939;762;2445;NA
"105";2015;"MUNICIPIO";"4305355";38281;35320;19533;15787;6988;20750;7582;3429;8358;NA
"106";2015;"MUNICIPIO";"4305371";3505;3471;1728;1743;943;1640;888;471;821;NA
"107";2015;"MUNICIPIO";"4305405";4061;4044;1975;2069;864;2030;1150;457;1014;598
"108";2015;"MUNICIPIO";"4305439";6368;5917;2921;2996;1505;3059;1353;732;1577;687
"109";2015;"MUNICIPIO";"4305447";5264;4944;2603;2341;1207;2704;1033;564;1274;NA
"110";2015;"MUNICIPIO";"4305454";14301;12668;6245;6423;2893;5584;4191;1384;2848;2191
"111";2015;"MUNICIPIO";"4305504";5005;4922;2512;2410;917;2444;1561;457;1161;792
"112";2015;"MUNICIPIO";"4305587";2498;2420;1208;1212;324;1129;967;156;552;NA
"113";2015;"MUNICIPIO";"4305603";3522;3550;1727;1823;558;1763;1229;264;878;NA
"114";2015;"MUNICIPIO";"4305702";6815;6552;3219;3333;1422;3335;1795;723;1663;NA
"115";2015;"MUNICIPIO";"4305801";10094;9752;4776;4976;1967;5036;2749;1007;2523;1446
"116";2015;"MUNICIPIO";"4305835";1562;1528;791;737;210;616;702;102;276;NA
"117";2015;"MUNICIPIO";"4305850";2476;2457;1255;1202;459;1147;851;228;551;NA
"118";2015;"MUNICIPIO";"4305871";2553;2459;1219;1240;395;1187;877;201;576;463
"119";2015;"MUNICIPIO";"4305900";7827;7748;3802;3946;1783;3874;2091;868;1987;1091
"120";2015;"MUNICIPIO";"4305934";1740;1725;894;831;264;734;727;136;331;NA
"121";2015;"MUNICIPIO";"4305959";4009;3917;2033;1884;553;1931;1433;265;867;752
"122";2015;"MUNICIPIO";"4305975";2885;2826;1388;1438;624;1516;686;331;769;NA
"123";2015;"MUNICIPIO";"4306007";14273;14084;6913;7171;2669;6799;4616;1321;3353;2497
"124";2015;"MUNICIPIO";"4306056";7750;7280;3686;3594;1691;3693;1896;838;1812;944
"125";2015;"MUNICIPIO";"4306072";2917;2826;1441;1385;619;1403;804;299;688;398
"126";2015;"MUNICIPIO";"4306106";63776;62821;29743;33078;13660;32676;16485;6718;16955;9405
"127";2015;"MUNICIPIO";"4306130";2096;2141;1101;1040;367;1080;694;182;512;NA
"128";2015;"MUNICIPIO";"4306205";12169;12320;6157;6163;2340;6416;3564;1135;3169;NA
"129";2015;"MUNICIPIO";"4306304";4840;4683;2410;2273;878;2448;1357;401;1184;NA
"130";2015;"MUNICIPIO";"4306320";3148;3190;1604;1586;715;1543;932;348;749;NA
"131";2015;"MUNICIPIO";"4306353";2795;2866;1469;1397;595;1277;994;276;624;NA
"132";2015;"MUNICIPIO";"4306379";3136;3064;1579;1485;639;1412;1013;318;688;NA
"133";2015;"MUNICIPIO";"4306403";30175;27572;13653;13919;5368;16960;5244;2655;8447;2817
"134";2015;"MUNICIPIO";"4306429";2174;2157;1080;1077;505;1077;575;256;539;NA
"135";2015;"MUNICIPIO";"4306452";3417;3278;1653;1625;482;1670;1126;246;780;NA
"136";2015;"MUNICIPIO";"4306502";15165;14380;7398;6982;3376;7653;3351;1671;3662;1649
"137";2015;"MUNICIPIO";"4306551";2619;2550;1341;1209;407;1304;839;195;615;NA
"138";2015;"MUNICIPIO";"4306601";39886;38898;19107;19791;8443;19735;10720;4143;9900;5748
"139";2015;"MUNICIPIO";"4306700";3374;3401;1678;1723;633;1739;1029;314;858;NA
"140";2015;"MUNICIPIO";"4306734";5200;5313;2646;2667;876;2517;1920;436;1235;996
"141";2015;"MUNICIPIO";"4306759";2076;2030;1035;995;334;959;737;159;472;NA
"142";2015;"MUNICIPIO";"4306767";37794;34343;16999;17344;8754;18676;6913;4302;9467;NA
"143";2015;"MUNICIPIO";"4306809";21883;20510;9932;10578;3632;11002;5876;1783;5555;3240
"144";2015;"MUNICIPIO";"4306908";25726;24534;12322;12212;5548;12179;6807;2696;6066;3450
"145";2015;"MUNICIPIO";"4306924";1397;1527;742;785;395;747;385;196;376;NA
"146";2015;"MUNICIPIO";"4306932";9037;8938;4415;4523;1781;4318;2839;911;2166;1446
"147";2015;"MUNICIPIO";"4306957";3069;3080;1556;1524;648;1455;977;306;719;NA
"148";2015;"MUNICIPIO";"4306973";3064;2970;1490;1480;667;1520;783;323;748;409
"149";2015;"MUNICIPIO";"4307005";102345;96087;46224;49863;18604;54576;22907;9206;27938;12719
"150";2015;"MUNICIPIO";"4307054";3207;3088;1562;1526;632;1531;925;305;750;NA
"151";2015;"MUNICIPIO";"4307104";6975;6753;3483;3270;1571;3169;2013;725;1547;998
"152";2015;"MUNICIPIO";"4307203";5207;5163;2622;2541;1040;2563;1560;485;1253;NA
"153";2015;"MUNICIPIO";"4307302";7773;7878;3920;3958;1829;3818;2231;880;1913;1165
"154";2015;"MUNICIPIO";"4307401";3301;3168;1572;1596;675;1559;934;329;786;481
"155";2015;"MUNICIPIO";"4307450";3245;3272;1650;1622;595;1457;1220;297;702;NA
"156";2015;"MUNICIPIO";"4307500";15809;15240;7532;7708;3028;7919;4293;1455;3960;NA
"157";2015;"MUNICIPIO";"4307559";6169;6011;2951;3060;1127;3178;1706;544;1587;NA
"158";2015;"MUNICIPIO";"4307609";46444;42574;21035;21539;9085;24867;8622;4435;12430;4674
"159";2015;"MUNICIPIO";"4307708";83984;80755;38973;41782;17014;43787;19954;8214;22393;11175
"160";2015;"MUNICIPIO";"4307807";32748;30619;15119;15500;5851;16681;8087;2838;8255;4407
"161";2015;"MUNICIPIO";"4307815";3743;3628;1846;1782;766;1917;945;408;908;466
"162";2015;"MUNICIPIO";"4307831";2744;2798;1415;1383;533;1300;965;246;651;486
"163";2015;"MUNICIPIO";"4307864";2708;2579;1300;1279;413;1252;914;209;595;NA
"164";2015;"MUNICIPIO";"4307906";68562;63635;31303;32332;12311;37201;14123;6149;18557;7626
"165";2015;"MUNICIPIO";"4308003";6869;6672;3274;3398;1251;3395;2026;605;1724;1069
"166";2015;"MUNICIPIO";"4308052";2553;2567;1283;1284;565;1235;767;287;612;NA
"167";2015;"MUNICIPIO";"4308078";4099;3697;1856;1841;835;1913;949;438;930;NA
"168";2015;"MUNICIPIO";"4308102";13140;12359;6161;6198;2106;7008;3245;1045;3410;NA
"169";2015;"MUNICIPIO";"4308201";29196;27126;13552;13574;5016;15314;6796;2453;7573;NA
"170";2015;"MUNICIPIO";"4308250";1988;2018;1081;937;329;949;740;148;416;NA
"171";2015;"MUNICIPIO";"4308300";10888;10719;5461;5258;2641;5386;2692;1308;2621;1329
"172";2015;"MUNICIPIO";"4308409";7096;7014;3570;3444;1317;3306;2391;617;1628;1199
"173";2015;"MUNICIPIO";"4308433";2528;2479;1265;1214;339;1122;1018;174;531;NA
"174";2015;"MUNICIPIO";"4308458";4619;4575;2241;2334;923;2460;1192;464;1248;622
"175";2015;"MUNICIPIO";"4308508";30558;28843;14128;14715;5790;15845;7208;2829;8044;3842
"176";2015;"MUNICIPIO";"4308607";33131;30689;15221;15468;5134;17403;8152;2498;8594;4376
"177";2015;"MUNICIPIO";"4308656";3219;3234;1682;1552;698;1647;889;327;821;404
"178";2015;"MUNICIPIO";"4308706";5918;5862;2832;3030;999;2914;1949;523;1483;NA
"179";2015;"MUNICIPIO";"4308805";8673;8447;4233;4214;1806;3989;2652;885;1987;1342
"180";2015;"MUNICIPIO";"4308854";1711;1677;889;788;306;860;511;125;407;NA
"181";2015;"MUNICIPIO";"4308904";16647;16154;7849;8305;2920;8552;4682;1393;4373;2539
"182";2015;"MUNICIPIO";"4309001";17198;17075;8338;8737;3469;8459;5147;1661;4335;2741
"183";2015;"MUNICIPIO";"4309050";7518;6891;3536;3355;1418;3491;1982;674;1711;NA
"184";2015;"MUNICIPIO";"4309100";34605;32273;15673;16600;6608;18144;7521;3297;9184;NA
"185";2015;"MUNICIPIO";"4309126";2270;2269;1151;1118;534;1076;659;258;533;NA
"186";2015;"MUNICIPIO";"4309159";4212;3970;2044;1926;1083;2108;779;534;1006;NA
"187";2015;"MUNICIPIO";"4309209";272257;255660;124880;130780;58843;139512;57305;28924;70654;31202
"188";2015;"MUNICIPIO";"4309258";1612;1598;806;792;236;734;628;119;367;NA
"189";2015;"MUNICIPIO";"4309308";99029;95204;46153;49051;21418;51568;22218;10366;26457;12228
"190";2015;"MUNICIPIO";"4309407";24509;22814;11124;11690;4240;12675;5899;2052;6417;3221
"191";2015;"MUNICIPIO";"4309506";8150;8115;3951;4164;1505;3991;2619;759;1973;1432
"192";2015;"MUNICIPIO";"4309555";4595;4254;2151;2103;802;2320;1132;388;1137;NA
"193";2015;"MUNICIPIO";"4309571";3063;2954;1543;1411;712;1568;674;346;736;NA
"194";2015;"MUNICIPIO";"4309605";19232;18348;8946;9402;3406;9894;5048;1679;4985;2738
"195";2015;"MUNICIPIO";"4309654";6478;6043;3124;2919;1615;3092;1336;817;1490;NA
"196";2015;"MUNICIPIO";"4309704";5008;4919;2387;2532;862;2421;1636;421;1231;NA
"197";2015;"MUNICIPIO";"4309753";4518;4371;2230;2141;997;2270;1104;498;1075;NA
"198";2015;"MUNICIPIO";"4309803";4848;4710;2290;2420;785;2323;1602;420;1152;NA
"199";2015;"MUNICIPIO";"4309902";7441;7171;3588;3583;1488;3661;2022;713;1800;1070
"200";2015;"MUNICIPIO";"4309951";4162;4061;2063;1998;898;1982;1181;444;980;574
"201";2015;"MUNICIPIO";"4310009";20242;19310;9472;9838;3534;10259;5517;1721;5137;NA
"202";2015;"MUNICIPIO";"4310108";34341;31660;15461;16199;7042;18427;6191;3564;9322;NA
"203";2015;"MUNICIPIO";"4310207";82833;78915;38112;40803;15527;42333;21055;7594;21589;11620
"204";2015;"MUNICIPIO";"4310306";4208;4102;2055;2047;757;2051;1294;349;1037;661
"205";2015;"MUNICIPIO";"4310330";19993;17670;8663;9007;3926;8484;5260;1867;4373;NA
"206";2015;"MUNICIPIO";"4310363";3146;3023;1495;1528;443;1411;1169;220;669;NA
"207";2015;"MUNICIPIO";"4310405";6653;6618;3293;3325;1332;3122;2164;632;1542;NA
"208";2015;"MUNICIPIO";"4310413";2318;2267;1148;1119;504;1125;638;236;560;323
"209";2015;"MUNICIPIO";"4310439";6412;6016;3083;2933;1095;2970;1951;536;1399;NA
"210";2015;"MUNICIPIO";"4310462";1982;1944;972;972;286;992;666;136;491;345
"211";2015;"MUNICIPIO";"4310504";8020;8078;4075;4003;1714;3927;2437;834;1915;1254
"212";2015;"MUNICIPIO";"4310538";5329;5010;2543;2467;1079;2580;1351;517;1280;670
"213";2015;"MUNICIPIO";"4310553";3551;3441;1778;1663;784;1642;1015;399;795;NA
"214";2015;"MUNICIPIO";"4310579";2325;2344;1233;1111;525;1195;624;248;567;NA
"215";2015;"MUNICIPIO";"4310603";39088;38159;19034;19125;9554;20184;8421;4717;10032;4376
"216";2015;"MUNICIPIO";"4310652";2602;2584;1340;1244;533;1249;802;260;593;NA
"217";2015;"MUNICIPIO";"4310702";3995;4171;2178;1993;836;1965;1370;386;940;NA
"218";2015;"MUNICIPIO";"4310751";2133;2156;1097;1059;359;1010;787;177;473;NA
"219";2015;"MUNICIPIO";"4310801";22012;19874;9801;10073;3779;11826;4269;1862;5915;NA
"220";2015;"MUNICIPIO";"4310850";4117;4098;2081;2017;949;1945;1204;439;986;NA
"221";2015;"MUNICIPIO";"4310876";2645;2507;1283;1224;554;1271;682;275;620;NA
"222";2015;"MUNICIPIO";"4310900";3713;3633;1781;1852;599;1841;1193;302;932;NA
"223";2015;"MUNICIPIO";"4311007";28310;27931;13588;14343;5832;13980;8119;2873;7018;4452
"224";2015;"MUNICIPIO";"4311106";11590;11473;5738;5735;1876;5730;3867;921;2802;2012
"225";2015;"MUNICIPIO";"4311122";4138;4177;2142;2035;1100;1922;1155;530;966;NA
"226";2015;"MUNICIPIO";"4311130";3655;3575;1884;1691;713;1842;1020;359;854;NA
"227";2015;"MUNICIPIO";"4311155";8656;8331;4306;4025;1910;4221;2200;891;2042;NA
"228";2015;"MUNICIPIO";"4311205";20052;19579;9626;9953;4470;9895;5214;2142;5013;2798
"229";2015;"MUNICIPIO";"4311239";2825;2662;1403;1259;617;1400;645;307;639;NA
"230";2015;"MUNICIPIO";"4311254";6492;6185;3195;2990;1580;3152;1453;766;1497;727
"231";2015;"MUNICIPIO";"4311270";1649;1598;776;822;244;777;577;120;387;NA
"232";2015;"MUNICIPIO";"4311304";28431;27525;13564;13961;5951;14105;7469;2865;7054;4042
"233";2015;"MUNICIPIO";"4311403";78486;71445;34731;36714;13600;41709;16136;6605;21168;8941
"234";2015;"MUNICIPIO";"4311429";2588;2487;1253;1234;654;1198;635;343;583;NA
"235";2015;"MUNICIPIO";"4311502";7833;7679;3775;3904;1700;3793;2186;832;1929;1143
"236";2015;"MUNICIPIO";"4311601";5752;5780;2949;2831;1184;2870;1726;584;1364;NA
"237";2015;"MUNICIPIO";"4311627";5671;5227;2679;2548;1211;3115;901;580;1495;NA
"238";2015;"MUNICIPIO";"4311643";1703;1624;808;816;261;795;568;144;382;NA
"239";2015;"MUNICIPIO";"4311700";5649;5510;2757;2753;1189;2641;1680;571;1319;NA
"240";2015;"MUNICIPIO";"4311718";4824;4738;2418;2320;1210;2481;1047;617;1227;476
"241";2015;"MUNICIPIO";"4311734";3083;3003;1551;1452;674;1562;767;345;734;373
"242";2015;"MUNICIPIO";"4311759";7359;7072;3556;3516;1578;3540;1954;774;1789;953
"243";2015;"MUNICIPIO";"4311775";7040;6905;3523;3382;1511;3361;2033;755;1644;NA
"244";2015;"MUNICIPIO";"4311791";2659;2527;1272;1255;437;1253;837;231;579;NA
"245";2015;"MUNICIPIO";"4311809";40174;36364;18030;18334;7293;21195;7876;3564;10549;4221
"246";2015;"MUNICIPIO";"4311908";5027;5134;2555;2579;957;2459;1718;461;1204;NA
"247";2015;"MUNICIPIO";"4311981";3920;3768;1970;1798;701;1798;1269;337;866;NA
"248";2015;"MUNICIPIO";"4312005";2211;2210;1133;1077;394;1102;714;185;527;NA
"249";2015;"MUNICIPIO";"4312054";4167;4068;2039;2029;625;1892;1551;304;901;NA
"250";2015;"MUNICIPIO";"4312104";5159;5111;2575;2536;987;2514;1610;513;1198;NA
"251";2015;"MUNICIPIO";"4312138";2567;2470;1292;1178;508;1251;711;238;602;NA
"252";2015;"MUNICIPIO";"4312153";4201;3865;1937;1928;734;2066;1065;351;1023;NA
"253";2015;"MUNICIPIO";"4312179";1798;1799;902;897;350;798;651;180;385;332
"254";2015;"MUNICIPIO";"4312203";4867;4911;2467;2444;993;2395;1523;473;1167;NA
"255";2015;"MUNICIPIO";"4312252";8011;7631;3778;3853;1856;3941;1834;903;1996;NA
"256";2015;"MUNICIPIO";"4312302";4982;4855;2413;2442;1061;2307;1487;518;1183;NA
"257";2015;"MUNICIPIO";"4312351";1556;1542;794;748;225;744;573;109;339;NA
"258";2015;"MUNICIPIO";"4312377";3236;3102;1661;1441;778;1451;873;370;664;407
"259";2015;"MUNICIPIO";"4312385";2704;2670;1345;1325;340;1278;1052;168;597;560
"260";2015;"MUNICIPIO";"4312401";63216;59415;29245;30170;12549;32590;14276;6182;16228;7760
"261";2015;"MUNICIPIO";"4312427";2948;2749;1396;1353;596;1352;801;290;668;NA
"262";2015;"MUNICIPIO";"4312443";3193;3182;1617;1565;514;1703;965;251;840;NA
"263";2015;"MUNICIPIO";"4312450";6529;6227;3135;3092;1075;2955;2197;518;1462;NA
"264";2015;"MUNICIPIO";"4312476";6100;5676;2849;2827;968;3200;1508;471;1572;NA
"265";2015;"MUNICIPIO";"4312500";12720;12124;6187;5937;2713;6085;3326;1318;2995;NA
"266";2015;"MUNICIPIO";"4312609";4989;4791;2300;2491;789;2285;1717;388;1152;NA
"267";2015;"MUNICIPIO";"4312617";3137;2988;1535;1453;721;1514;753;375;721;NA
"268";2015;"MUNICIPIO";"4312625";1894;1813;923;890;391;929;493;194;455;NA
"269";2015;"MUNICIPIO";"4312658";16997;15936;7855;8081;2955;8794;4187;1415;4334;NA
"270";2015;"MUNICIPIO";"4312674";1757;1721;862;859;326;841;554;158;411;NA
"271";2015;"MUNICIPIO";"4312708";12295;12074;5932;6142;2857;6126;3091;1421;3103;1618
"272";2015;"MUNICIPIO";"4312757";3431;3182;1598;1584;649;1662;871;332;809;NA
"273";2015;"MUNICIPIO";"4312807";4385;4001;1957;2044;658;2236;1107;356;1097;NA
"274";2015;"MUNICIPIO";"4312906";9478;8840;4480;4360;1577;4750;2513;768;2262;NA
"275";2015;"MUNICIPIO";"4312955";1953;1960;981;979;279;962;719;130;468;NA
"276";2015;"MUNICIPIO";"4313003";3329;3184;1629;1555;515;1510;1159;247;703;NA
"277";2015;"MUNICIPIO";"4313011";2814;2751;1405;1346;439;1390;922;205;668;NA
"278";2015;"MUNICIPIO";"4313037";5048;4671;2306;2365;870;2549;1252;445;1288;NA
"279";2015;"MUNICIPIO";"4313060";20035;18346;9072;9274;4494;10724;3128;2262;5355;NA
"280";2015;"MUNICIPIO";"4313086";2557;2450;1258;1192;371;1205;874;188;555;NA
"281";2015;"MUNICIPIO";"4313102";6588;6342;3217;3125;1254;3293;1795;628;1582;NA
"282";2015;"MUNICIPIO";"4313201";20416;19045;9370;9675;3253;10443;5349;1616;5230;2829
"283";2015;"MUNICIPIO";"4313300";25057;22830;11303;11527;4196;12940;5694;2035;6389;3103
"284";2015;"MUNICIPIO";"4313334";2440;2437;1246;1191;448;1231;758;214;598;NA
"285";2015;"MUNICIPIO";"4313359";3564;3343;1708;1635;581;1721;1041;283;820;NA
"286";2015;"MUNICIPIO";"4313375";25700;22716;11441;11275;5814;12408;4494;2837;6183;2255
"287";2015;"MUNICIPIO";"4313391";4087;3855;1946;1909;749;1955;1151;353;979;NA
"288";2015;"MUNICIPIO";"4313409";248694;238940;115766;123174;51083;134353;53504;25052;68211;29911
"289";2015;"MUNICIPIO";"4313425";3828;3925;1948;1977;669;1808;1448;333;891;753
"290";2015;"MUNICIPIO";"4313441";2320;2277;1191;1086;471;1112;694;212;525;NA
"291";2015;"MUNICIPIO";"4313466";1795;1757;861;896;289;882;586;146;444;NA
"292";2015;"MUNICIPIO";"4313490";4160;3978;2032;1946;786;1982;1210;348;987;611
"293";2015;"MUNICIPIO";"4313508";43897;40906;20157;20749;8748;22032;10126;4251;11040;5458
"294";2015;"MUNICIPIO";"4313607";4221;4243;2111;2132;790;2067;1386;383;1033;NA
"295";2015;"MUNICIPIO";"4313656";11413;10969;5462;5507;2226;5327;3416;1092;2662;NA
"296";2015;"MUNICIPIO";"4313706";34974;34328;16641;17687;7946;18124;8258;3949;9355;4383
"297";2015;"MUNICIPIO";"4313805";7170;6920;3494;3426;1388;3622;1910;652;1811;NA
"298";2015;"MUNICIPIO";"4313904";41148;38058;19013;19045;7934;21431;8693;3853;10522;4670
"299";2015;"MUNICIPIO";"4313953";9932;9895;4909;4986;2334;4909;2652;1171;2468;NA
"300";2015;"MUNICIPIO";"4314001";7309;6812;3451;3361;1203;3700;1909;600;1776;NA
"301";2015;"MUNICIPIO";"4314027";7648;7336;3694;3642;1364;3711;2261;650;1787;NA
"302";2015;"MUNICIPIO";"4314035";3725;3511;1784;1727;613;1903;995;292;919;NA
"303";2015;"MUNICIPIO";"4314050";55486;51502;25449;26053;12675;29940;8887;6266;15076;4711
"304";2015;"MUNICIPIO";"4314068";5491;5154;2678;2476;1237;2692;1225;585;1298;NA
"305";2015;"MUNICIPIO";"4314076";6372;6011;2996;3015;1093;3146;1772;566;1535;NA
"306";2015;"MUNICIPIO";"4314100";196739;184826;88050;96776;39394;102834;42598;19278;53272;24226
"307";2015;"MUNICIPIO";"4314134";2297;2196;1126;1070;383;1046;767;188;499;NA
"308";2015;"MUNICIPIO";"4314159";8437;8044;4050;3994;1556;4085;2403;782;1980;1232
"309";2015;"MUNICIPIO";"4314175";2195;2212;1161;1051;535;1168;509;263;563;NA
"310";2015;"MUNICIPIO";"4314209";8011;7811;3826;3985;1640;3746;2425;793;1925;NA
"311";2015;"MUNICIPIO";"4314308";4055;3973;2008;1965;749;2085;1139;371;1014;580
"312";2015;"MUNICIPIO";"4314407";342873;328275;154198;174077;65134;173146;89995;31999;90025;52053
"313";2015;"MUNICIPIO";"4314423";5532;5182;2594;2588;892;2948;1342;425;1496;NA
"314";2015;"MUNICIPIO";"4314456";2609;2513;1274;1239;500;1329;684;224;670;NA
"315";2015;"MUNICIPIO";"4314464";2126;2130;1110;1020;463;1004;663;224;486;NA
"316";2015;"MUNICIPIO";"4314472";4560;4471;2314;2157;980;2282;1209;486;1081;NA
"317";2015;"MUNICIPIO";"4314498";4761;4497;2277;2220;1003;2315;1179;494;1131;595
"318";2015;"MUNICIPIO";"4314506";12976;12780;6381;6399;2493;6447;3840;1224;3229;1946
"319";2015;"MUNICIPIO";"4314555";2678;2757;1398;1359;499;1286;972;242;632;NA
"320";2015;"MUNICIPIO";"4314605";20712;19841;10108;9733;3996;9603;6242;1930;4650;3153
"321";2015;"MUNICIPIO";"4314704";10678;10524;5209;5315;2261;5266;2997;1117;2612;1586
"322";2015;"MUNICIPIO";"4314753";2104;2017;1023;994;341;948;728;164;451;NA
"323";2015;"MUNICIPIO";"4314779";3986;3857;1984;1873;854;2039;964;407;1006;460
"324";2015;"MUNICIPIO";"4314787";1730;1750;924;826;252;847;651;113;385;NA
"325";2015;"MUNICIPIO";"4314803";33994;30920;15515;15405;7034;17355;6531;3416;8629;NA
"326";2015;"MUNICIPIO";"4314902";1476867;1409351;653787;755564;264269;758156;386926;129996;395012;230556
"327";2015;"MUNICIPIO";"4315008";5313;5413;2698;2715;871;2452;2090;427;1215;NA
"328";2015;"MUNICIPIO";"4315057";2557;2542;1264;1278;440;1205;897;227;600;451
"329";2015;"MUNICIPIO";"4315073";1733;1852;936;916;333;802;717;158;397;NA
"330";2015;"MUNICIPIO";"4315107";10758;10558;5300;5258;2219;5352;2987;1099;2664;1495
"331";2015;"MUNICIPIO";"4315131";1847;1875;953;922;347;866;662;152;428;NA
"332";2015;"MUNICIPIO";"4315149";2705;2484;1310;1174;434;1385;665;212;638;NA
"333";2015;"MUNICIPIO";"4315156";6372;6163;3183;2980;1206;3264;1693;591;1541;848
"334";2015;"MUNICIPIO";"4315172";2041;2000;1079;921;316;995;689;141;445;NA
"335";2015;"MUNICIPIO";"4315206";4185;4141;2097;2044;699;1959;1483;325;928;NA
"336";2015;"MUNICIPIO";"4315305";23579;23021;11228;11793;5373;11405;6243;2698;5696;NA
"337";2015;"MUNICIPIO";"4315313";1849;1775;890;885;393;923;459;211;442;NA
"338";2015;"MUNICIPIO";"4315321";2816;2710;1447;1263;549;1425;736;251;672;NA
"339";2015;"MUNICIPIO";"4315354";3811;3653;1799;1854;637;1779;1237;319;885;NA
"340";2015;"MUNICIPIO";"4315404";11025;10222;5210;5012;3398;4824;2000;1646;2357;1009
"341";2015;"MUNICIPIO";"4315453";2195;2155;1071;1084;325;933;897;159;457;NA
"342";2015;"MUNICIPIO";"4315503";16334;15849;7815;8034;3094;7917;4838;1526;4015;2493
"343";2015;"MUNICIPIO";"4315552";3418;3616;1860;1756;740;1722;1154;348;853;NA
"344";2015;"MUNICIPIO";"4315602";207860;197228;94983;102245;42286;103498;51444;20825;52733;28687
"345";2015;"MUNICIPIO";"4315701";38934;37591;18318;19273;7811;19067;10713;3860;9611;5802
"346";2015;"MUNICIPIO";"4315750";4571;4330;2203;2127;955;2261;1114;478;1110;539
"347";2015;"MUNICIPIO";"4315800";10976;10284;5090;5194;1817;5245;3222;878;2583;NA
"348";2015;"MUNICIPIO";"4315909";5955;5743;2846;2897;1163;2990;1590;566;1496;835
"349";2015;"MUNICIPIO";"4315958";2542;2546;1318;1228;481;1166;899;222;565;NA
"350";2015;"MUNICIPIO";"4316006";20712;19485;9767;9718;4098;10636;4751;2004;5249;2465
"351";2015;"MUNICIPIO";"4316105";10655;10221;5009;5212;2139;5250;2832;1060;2677;NA
"352";2015;"MUNICIPIO";"4316204";5544;5518;2718;2800;937;2671;1910;472;1328;NA
"353";2015;"MUNICIPIO";"4316303";7289;7203;3622;3581;1417;3549;2237;668;1773;NA
"354";2015;"MUNICIPIO";"4316402";40773;39707;19311;20396;8647;19848;11212;4298;10088;6010
"355";2015;"MUNICIPIO";"4316428";2676;2595;1339;1256;549;1270;776;252;637;NA
"356";2015;"MUNICIPIO";"4316436";2876;2869;1390;1479;457;1481;931;235;752;NA
"357";2015;"MUNICIPIO";"4316451";12429;11880;5878;6002;2914;6299;2667;1448;3191;1363
"358";2015;"MUNICIPIO";"4316477";2769;2669;1377;1292;418;1348;903;186;648;NA
"359";2015;"MUNICIPIO";"4316501";7315;6747;3412;3335;1252;3832;1663;625;1846;864
"360";2015;"MUNICIPIO";"4316600";16139;15373;7604;7769;2690;7949;4734;1304;3933;2532
"361";2015;"MUNICIPIO";"4316709";8793;8829;4341;4488;1761;4713;2355;846;2402;1240
"362";2015;"MUNICIPIO";"4316733";1698;1655;839;816;310;818;527;154;393;NA
"363";2015;"MUNICIPIO";"4316758";6183;5697;2845;2852;957;3058;1682;458;1516;NA
"364";2015;"MUNICIPIO";"4316808";126084;118374;56943;61431;22577;65665;30132;11110;33335;16986
"365";2015;"MUNICIPIO";"4316907";276108;261031;123634;137397;51365;143113;66553;25297;73695;38405
"366";2015;"MUNICIPIO";"4316956";6328;6053;3101;2952;983;3400;1670;476;1615;NA
"367";2015;"MUNICIPIO";"4316972";2495;2352;1272;1080;484;1164;704;213;556;NA
"368";2015;"MUNICIPIO";"4317004";8434;8242;4169;4073;1604;3912;2726;777;1916;1380
"369";2015;"MUNICIPIO";"4317103";82968;82464;39376;43088;18991;40513;22960;9418;20970;12700
"370";2015;"MUNICIPIO";"4317202";72240;68587;33483;35104;13686;38555;16346;6678;19431;8995
"371";2015;"MUNICIPIO";"4317251";1781;1720;889;831;233;769;718;113;357;NA
"372";2015;"MUNICIPIO";"4317301";31436;30990;15469;15521;6885;15626;8479;3294;7892;4335
"373";2015;"MUNICIPIO";"4317400";50635;49071;23571;25500;9705;25440;13926;4803;13033;7664
"374";2015;"MUNICIPIO";"4317509";78976;76275;36586;39689;15996;40701;19578;7941;20921;10827
"375";2015;"MUNICIPIO";"4317558";2198;2139;1112;1027;367;1121;651;180;521;NA
"376";2015;"MUNICIPIO";"4317608";41977;39685;19756;19929;8181;20392;11112;3999;10237;5693
"377";2015;"MUNICIPIO";"4317707";11174;11210;5579;5631;2393;5405;3412;1197;2713;1721
"378";2015;"MUNICIPIO";"4317756";2056;1987;980;1007;400;992;595;191;508;NA
"379";2015;"MUNICIPIO";"4317806";14349;13968;6811;7157;2804;7335;3829;1381;3747;2029
"380";2015;"MUNICIPIO";"4317905";14757;14378;7190;7188;2510;7462;4406;1262;3592;NA
"381";2015;"MUNICIPIO";"4317954";2485;2461;1239;1222;431;1193;837;224;573;NA
"382";2015;"MUNICIPIO";"4318002";62990;61671;30248;31423;13656;32379;15636;6715;16398;8310
"383";2015;"MUNICIPIO";"4318051";3064;2926;1470;1456;496;1463;967;237;720;NA
"384";2015;"MUNICIPIO";"4318101";19495;19254;9493;9761;3755;9448;6051;1845;4780;3136
"385";2015;"MUNICIPIO";"4318200";21551;20537;10402;10135;4977;10360;5200;2472;5024;2639
"386";2015;"MUNICIPIO";"4318309";62785;60425;29429;30996;13253;30786;16386;6383;15707;8906
"387";2015;"MUNICIPIO";"4318408";23527;22134;11026;11108;4939;11540;5655;2391;5771;NA
"388";2015;"MUNICIPIO";"4318424";4840;4726;2401;2325;787;2307;1632;385;1119;NA
"389";2015;"MUNICIPIO";"4318432";2651;2635;1272;1363;419;1229;987;204;639;NA
"390";2015;"MUNICIPIO";"4318440";2846;2774;1379;1395;473;1401;900;245;698;NA
"391";2015;"MUNICIPIO";"4318457";2736;2720;1377;1343;589;1259;872;291;625;NA
"392";2015;"MUNICIPIO";"4318465";2186;2204;1136;1068;530;1072;602;250;521;NA
"393";2015;"MUNICIPIO";"4318481";4463;4094;2088;2006;739;2283;1072;366;1104;NA
"394";2015;"MUNICIPIO";"4318499";2220;2200;1125;1075;332;1057;811;150;516;NA
"395";2015;"MUNICIPIO";"4318507";26977;25503;13003;12500;5414;13362;6727;2706;6449;3345
"396";2015;"MUNICIPIO";"4318606";7116;6904;3382;3522;1287;3521;2096;646;1752;NA
"397";2015;"MUNICIPIO";"4318614";2260;2082;1052;1030;342;1031;709;177;477;NA
"398";2015;"MUNICIPIO";"4318622";3470;3290;1693;1597;799;1779;712;410;853;NA
"399";2015;"MUNICIPIO";"4318705";228370;214087;104242;109845;48055;120258;45774;23414;60950;25481
"400";2015;"MUNICIPIO";"4318804";44541;43111;21623;21488;8177;22110;12824;3895;10817;6776
"401";2015;"MUNICIPIO";"4318903";35193;34556;16827;17729;7321;17812;9423;3590;9002;5137
"402";2015;"MUNICIPIO";"4319000";21204;20103;9859;10244;3746;11334;5023;1872;5664;2708
"403";2015;"MUNICIPIO";"4319109";5821;5773;2838;2935;995;2806;1972;481;1418;NA
"404";2015;"MUNICIPIO";"4319125";3306;3201;1647;1554;606;1462;1133;293;704;557
"405";2015;"MUNICIPIO";"4319158";7728;7421;3880;3541;1637;3750;2034;763;1811;967
"406";2015;"MUNICIPIO";"4319208";5732;5727;2906;2821;1314;2635;1778;616;1333;872
"407";2015;"MUNICIPIO";"4319307";6348;6364;3228;3136;1171;3002;2191;561;1444;NA
"408";2015;"MUNICIPIO";"4319356";3584;3315;1683;1632;682;1889;744;326;924;NA
"409";2015;"MUNICIPIO";"4319364";1984;1886;932;954;427;916;543;216;469;NA
"410";2015;"MUNICIPIO";"4319372";2983;2873;1456;1417;492;1455;926;235;704;NA
"411";2015;"MUNICIPIO";"4319406";16788;16368;8050;8318;3040;8058;5270;1497;4006;2815
"412";2015;"MUNICIPIO";"4319505";24676;21932;10738;11194;4572;11926;5434;2228;6030;NA
"413";2015;"MUNICIPIO";"4319604";24432;23798;11777;12021;4705;11749;7344;2309;5898;3814
"414";2015;"MUNICIPIO";"4319703";3621;3632;1811;1821;632;1696;1304;317;821;NA
"415";2015;"MUNICIPIO";"4319711";2257;2168;1112;1056;300;1027;841;132;480;NA
"416";2015;"MUNICIPIO";"4319737";2752;2647;1375;1272;753;1245;649;358;613;301
"417";2015;"MUNICIPIO";"4319752";2124;1944;994;950;319;1123;502;145;537;NA
"418";2015;"MUNICIPIO";"4319802";8787;8440;4206;4234;1837;4276;2327;897;2137;1200
"419";2015;"MUNICIPIO";"4319901";79560;74985;36989;37996;17943;43229;13813;8804;21700;7492
"420";2015;"MUNICIPIO";"4320008";138357;130957;63747;67210;30103;72373;28481;14906;36662;15642
"421";2015;"MUNICIPIO";"4320107";23036;21285;10269;11016;4349;11769;5167;2191;6039;2786
"422";2015;"MUNICIPIO";"4320206";11164;10897;5349;5548;2312;5389;3196;1170;2721;1657
"423";2015;"MUNICIPIO";"4320230";3063;3011;1531;1480;642;1466;903;304;705;NA
"424";2015;"MUNICIPIO";"4320263";7388;7158;3698;3460;1661;3755;1742;810;1763;NA
"425";2015;"MUNICIPIO";"4320305";5134;4929;2403;2526;892;2563;1474;457;1274;795
"426";2015;"MUNICIPIO";"4320321";2885;2814;1407;1407;528;1431;855;240;718;NA
"427";2015;"MUNICIPIO";"4320354";5486;5198;2666;2532;1114;2615;1469;546;1261;725
"428";2015;"MUNICIPIO";"4320404";15814;14253;7099;7154;2795;8007;3451;1364;3960;1830
"429";2015;"MUNICIPIO";"4320453";2235;2281;1190;1091;381;1155;745;188;520;NA
"430";2015;"MUNICIPIO";"4320503";6169;6294;3045;3249;1146;3107;2041;584;1583;NA
"431";2015;"MUNICIPIO";"4320552";6246;5850;2934;2916;1207;3033;1610;633;1453;830
"432";2015;"MUNICIPIO";"4320578";2132;2124;1082;1042;362;1051;711;169;499;NA
"433";2015;"MUNICIPIO";"4320602";3890;3842;1942;1900;670;1952;1220;327;964;NA
"434";2015;"MUNICIPIO";"4320651";2487;2449;1227;1222;413;1140;896;210;552;460
"435";2015;"MUNICIPIO";"4320677";10400;10068;5217;4851;1950;5119;2999;913;2396;1542
"436";2015;"MUNICIPIO";"4320701";14944;14283;6992;7291;2995;7588;3700;1439;3819;NA
"437";2015;"MUNICIPIO";"4320800";31261;30044;14729;15315;6691;15753;7600;3205;8008;4102
"438";2015;"MUNICIPIO";"4320859";4460;4131;2102;2029;875;2163;1093;439;1043;NA
"439";2015;"MUNICIPIO";"4320909";21525;19250;9392;9858;3567;11254;4429;1756;5648;NA
"440";2015;"MUNICIPIO";"4321006";10803;10448;5093;5355;2121;5515;2812;1033;2753;1569
"441";2015;"MUNICIPIO";"4321105";17354;16629;8167;8462;3897;8177;4555;1874;4167;NA
"442";2015;"MUNICIPIO";"4321204";57238;54643;26866;27777;12207;29091;13345;5928;14717;7132
"443";2015;"MUNICIPIO";"4321303";27128;26092;12689;13403;5491;13706;6895;2734;6973;NA
"444";2015;"MUNICIPIO";"4321329";3090;2966;1517;1449;567;1489;910;275;714;NA
"445";2015;"MUNICIPIO";"4321352";5554;5351;2777;2574;1024;2552;1775;499;1202;873
"446";2015;"MUNICIPIO";"4321402";14039;13719;6713;7006;3333;6631;3755;1641;3362;2003
"447";2015;"MUNICIPIO";"4321436";10634;9878;4959;4919;2206;5118;2554;1074;2528;1317
"448";2015;"MUNICIPIO";"4321451";30170;27272;13523;13749;5244;15456;6572;2573;7681;3495
"449";2015;"MUNICIPIO";"4321469";2912;2724;1372;1352;561;1454;709;276;715;361
"450";2015;"MUNICIPIO";"4321477";6384;6461;3268;3193;1337;2781;2343;657;1366;1170
"451";2015;"MUNICIPIO";"4321493";2988;2952;1561;1391;502;1412;1038;226;661;NA
"452";2015;"MUNICIPIO";"4321501";37107;34656;16835;17821;7228;18338;9090;3532;9435;4854
"453";2015;"MUNICIPIO";"4321600";46369;41585;20095;21490;10112;20795;10678;4951;10770;5769
"454";2015;"MUNICIPIO";"4321626";2389;2314;1171;1143;342;1075;897;168;507;NA
"455";2015;"MUNICIPIO";"4321634";2873;2855;1428;1427;369;1405;1081;186;688;NA
"456";2015;"MUNICIPIO";"4321667";10811;10217;5156;5061;2021;5544;2652;994;2741;NA
"457";2015;"MUNICIPIO";"4321709";26092;23848;11837;12011;5287;13813;4748;2656;6812;2543
"458";2015;"MUNICIPIO";"4321808";24485;23726;11484;12242;4205;12589;6932;2015;6396;3831
"459";2015;"MUNICIPIO";"4321832";2924;2914;1512;1402;615;1452;847;283;686;NA
"460";2015;"MUNICIPIO";"4321857";4471;4381;2210;2171;927;2112;1342;454;1028;689
"461";2015;"MUNICIPIO";"4321907";24647;23965;11751;12214;4331;12424;7210;2107;6165;3942
"462";2015;"MUNICIPIO";"4321956";5961;5787;2884;2903;1332;2803;1652;646;1400;NA
"463";2015;"MUNICIPIO";"4322004";27867;25793;12933;12860;6050;13627;6116;2998;6763;3099
"464";2015;"MUNICIPIO";"4322103";5993;5898;2817;3081;951;2955;1992;483;1522;1076
"465";2015;"MUNICIPIO";"4322152";4586;4395;2278;2117;1030;2360;1005;507;1099;NA
"466";2015;"MUNICIPIO";"4322186";1584;1573;816;757;308;775;490;152;364;NA
"467";2015;"MUNICIPIO";"4322202";23521;22281;10864;11417;5253;11557;5471;2613;5885;2919
"468";2015;"MUNICIPIO";"4322251";4366;3924;2068;1856;753;2292;879;357;1066;NA
"469";2015;"MUNICIPIO";"4322301";8574;8557;4146;4411;1292;4210;3055;632;2138;NA
"470";2015;"MUNICIPIO";"4322327";3596;3522;1778;1744;716;1790;1016;356;864;NA
"471";2015;"MUNICIPIO";"4322343";2265;2296;1183;1113;412;1152;732;185;542;NA
"472";2015;"MUNICIPIO";"4322350";1413;1487;797;690;203;646;638;102;272;NA
"473";2015;"MUNICIPIO";"4322376";2481;2450;1245;1205;529;1160;761;264;583;NA
"474";2015;"MUNICIPIO";"4322400";129652;125435;61009;64426;32652;66169;26614;16287;33748;14391
"475";2015;"MUNICIPIO";"4322509";64857;61342;30083;31259;14409;32155;14778;7001;16248;8010
"476";2015;"MUNICIPIO";"4322525";3434;3253;1652;1601;638;1601;1014;301;790;NA
"477";2015;"MUNICIPIO";"4322533";11650;11077;5597;5480;2236;5845;2996;1128;2776;NA
"478";2015;"MUNICIPIO";"4322541";5548;5118;2570;2548;975;3012;1131;485;1474;NA
"479";2015;"MUNICIPIO";"4322558";2087;1984;993;991;330;1079;575;164;531;NA
"480";2015;"MUNICIPIO";"4322608";69859;65946;32643;33303;12592;35826;17528;6098;17789;9416
"481";2015;"MUNICIPIO";"4322707";25700;23983;11749;12234;4897;12929;6157;2464;6460;NA
"482";2015;"MUNICIPIO";"4322806";24686;22810;11102;11708;3780;12628;6402;1869;6370;3469
"483";2015;"MUNICIPIO";"4322855";1976;1974;1024;950;289;911;774;131;414;NA
"484";2015;"MUNICIPIO";"4322905";5271;5311;2620;2691;848;2621;1842;423;1277;NA
"485";2015;"MUNICIPIO";"4323002";251978;239384;116483;122901;58609;127434;53341;28744;64856;29301
"486";2015;"MUNICIPIO";"4323101";5224;5285;2701;2584;1265;2625;1395;586;1267;NA
"487";2015;"MUNICIPIO";"4323200";3070;3036;1512;1524;585;1485;966;262;743;NA
"488";2015;"MUNICIPIO";"4323309";3363;3207;1617;1590;489;1699;1019;248;813;NA
"489";2015;"MUNICIPIO";"4323358";2193;2152;1123;1029;398;1092;662;176;519;NA
"490";2015;"MUNICIPIO";"4323408";4393;4221;2116;2105;661;2222;1338;328;1077;700
"491";2015;"MUNICIPIO";"4323457";4365;4221;2102;2119;853;2030;1338;426;1030;663
"492";2015;"MUNICIPIO";"4323507";2887;2832;1400;1432;578;1414;840;284;706;442
"493";2015;"MUNICIPIO";"4323606";1613;1569;819;750;247;754;568;108;345;NA
"494";2015;"MUNICIPIO";"4323705";2873;2759;1395;1364;520;1431;808;235;712;NA
"495";2015;"MUNICIPIO";"4323754";3463;3485;1794;1691;670;1583;1232;324;760;NA
"496";2015;"MUNICIPIO";"4323770";2953;2793;1406;1387;428;1468;897;225;678;NA
"497";2015;"MUNICIPIO";"4323804";14197;12434;6199;6235;3154;6678;2602;1549;3327;NA
