"";"CODMUNRES";"ANO";"NIVEL";"TO";"TO_MT_G";"TONT_B";"TONT_PT";"TONT_PD";"TONT_I";"TONT_A";"TO_MT";"TO_MT_DG";"TO_MT_43";"TO_MT_PT";"TO_MT_42";"TO_MT_AB";"TO_MT_P";"TO_MT_P_I";"TO_MT_P_EM";"TO_MT_P_EFI";"TO_MT_P_EFII";"TO_MT_P_ESC";"TO_MT_P_ESI";"TO_MT_P_ES"
"1";"430003";"2015";"MUNICIPIO";"33";"0";"0";"0";"0";"0";"0";"0";"0";"0";"0";"0";"0";"0";"0";"0";"0";"0";"0";"0";"0"
"2";"430005";"2015";"MUNICIPIO";"18";"0";"0";"0";"0";"0";"0";"0";"0";"0";"0";"0";"0";"0";"0";"0";"0";"0";"0";"0";"0"
"3";"430010";"2015";"MUNICIPIO";"146";"0";"2";"0";"0";"0";"0";"2";"0";"0";"0";"0";"0";"0";"0";"0";"0";"0";"0";"0";"0"
"4";"430020";"2015";"MUNICIPIO";"65";"0";"1";"0";"0";"0";"0";"1";"0";"0";"0";"0";"0";"0";"0";"0";"0";"0";"0";"0";"0"
"5";"430030";"2015";"MUNICIPIO";"58";"0";"0";"0";"0";"0";"0";"0";"0";"0";"0";"0";"0";"0";"0";"0";"0";"0";"0";"0";"0"
"6";"430040";"2015";"MUNICIPIO";"748";"0";"5";"1";"0";"0";"0";"11";"0";"0";"0";"0";"0";"0";"0";"0";"0";"0";"0";"0";"0"
"7";"430045";"2015";"MUNICIPIO";"23";"0";"0";"0";"0";"0";"0";"0";"0";"0";"0";"0";"0";"0";"0";"0";"0";"0";"0";"0";"0"
"8";"430047";"2015";"MUNICIPIO";"16";"0";"0";"0";"0";"0";"0";"0";"0";"0";"0";"0";"0";"0";"0";"0";"0";"0";"0";"0";"0"
"9";"430050";"2015";"MUNICIPIO";"56";"0";"0";"0";"0";"0";"0";"1";"0";"0";"0";"0";"0";"0";"0";"0";"0";"0";"0";"0";"0"
"10";"430055";"2015";"MUNICIPIO";"7";"0";"0";"0";"0";"0";"0";"0";"0";"0";"0";"0";"0";"0";"0";"0";"0";"0";"0";"0";"0"
"11";"430057";"2015";"MUNICIPIO";"18";"0";"1";"0";"0";"0";"0";"1";"0";"0";"0";"0";"0";"0";"0";"0";"0";"0";"0";"0";"0"
"12";"430060";"2015";"MUNICIPIO";"1556";"2";"14";"9";"4";"0";"0";"38";"3";"3";"0";"0";"0";"3";"3";"1";"0";"0";"0";"0";"0"
"13";"430063";"2015";"MUNICIPIO";"42";"0";"0";"0";"0";"0";"0";"1";"0";"0";"0";"0";"0";"0";"0";"0";"0";"0";"0";"0";"0"
"14";"430064";"2015";"MUNICIPIO";"50";"0";"0";"0";"0";"0";"0";"0";"0";"0";"0";"0";"0";"0";"0";"0";"0";"0";"0";"0";"0"
"15";"430066";"2015";"MUNICIPIO";"9";"0";"0";"0";"0";"0";"0";"0";"0";"0";"0";"0";"0";"0";"0";"0";"0";"0";"0";"0";"0"
"16";"430070";"2015";"MUNICIPIO";"42";"0";"0";"0";"0";"0";"0";"0";"0";"0";"0";"0";"0";"0";"0";"0";"0";"0";"0";"0";"0"
"17";"430080";"2015";"MUNICIPIO";"90";"0";"0";"0";"0";"0";"0";"0";"0";"0";"0";"0";"0";"0";"0";"0";"0";"0";"0";"0";"0"
"18";"430085";"2015";"MUNICIPIO";"22";"0";"0";"0";"0";"0";"0";"0";"0";"0";"0";"0";"0";"0";"0";"0";"0";"0";"0";"0";"0"
"19";"430087";"2015";"MUNICIPIO";"42";"0";"0";"0";"0";"0";"0";"1";"0";"0";"0";"0";"0";"0";"0";"0";"0";"0";"0";"0";"0"
"20";"430090";"2015";"MUNICIPIO";"40";"0";"0";"0";"0";"0";"0";"0";"0";"0";"0";"0";"0";"0";"0";"0";"0";"0";"0";"0";"0"
"21";"430100";"2015";"MUNICIPIO";"177";"0";"1";"0";"0";"0";"0";"1";"0";"0";"0";"0";"0";"0";"0";"0";"0";"0";"0";"0";"0"
"22";"430105";"2015";"MUNICIPIO";"54";"0";"0";"0";"0";"0";"0";"0";"0";"0";"0";"0";"0";"0";"0";"0";"0";"0";"0";"0";"0"
"23";"430107";"2015";"MUNICIPIO";"22";"0";"0";"0";"0";"0";"0";"1";"0";"0";"0";"0";"0";"0";"0";"0";"0";"0";"0";"0";"0"
"24";"430110";"2015";"MUNICIPIO";"115";"0";"2";"0";"0";"0";"0";"3";"0";"0";"1";"0";"0";"1";"1";"1";"0";"0";"0";"0";"0"
"25";"430120";"2015";"MUNICIPIO";"107";"0";"1";"0";"0";"0";"0";"1";"0";"0";"0";"0";"0";"0";"0";"0";"0";"0";"0";"0";"0"
"26";"430130";"2015";"MUNICIPIO";"178";"0";"5";"0";"0";"0";"0";"3";"0";"0";"0";"0";"0";"0";"0";"0";"0";"0";"0";"0";"0"
"27";"430140";"2015";"MUNICIPIO";"69";"0";"3";"0";"0";"0";"0";"4";"0";"0";"0";"0";"0";"0";"0";"0";"0";"0";"0";"0";"0"
"28";"430150";"2015";"MUNICIPIO";"75";"0";"1";"0";"0";"0";"0";"1";"0";"0";"0";"0";"0";"0";"0";"0";"0";"0";"0";"0";"0"
"29";"430155";"2015";"MUNICIPIO";"40";"0";"0";"0";"0";"0";"0";"0";"0";"0";"0";"0";"0";"0";"0";"0";"0";"0";"0";"0";"0"
"30";"430160";"2015";"MUNICIPIO";"1054";"0";"16";"1";"3";"0";"0";"26";"0";"0";"0";"1";"0";"1";"1";"0";"0";"0";"0";"0";"0"
"31";"430163";"2015";"MUNICIPIO";"135";"0";"1";"0";"0";"0";"0";"1";"0";"0";"0";"0";"0";"0";"0";"0";"0";"0";"0";"0";"0"
"32";"430165";"2015";"MUNICIPIO";"29";"0";"2";"0";"0";"0";"0";"2";"0";"0";"0";"0";"0";"0";"0";"0";"0";"0";"0";"0";"0"
"33";"430170";"2015";"MUNICIPIO";"47";"0";"0";"0";"0";"0";"0";"0";"0";"0";"0";"0";"0";"0";"0";"0";"0";"0";"0";"0";"0"
"34";"430175";"2015";"MUNICIPIO";"47";"0";"2";"0";"0";"0";"0";"2";"0";"0";"0";"0";"0";"0";"0";"0";"0";"0";"0";"0";"0"
"35";"430180";"2015";"MUNICIPIO";"35";"0";"0";"0";"0";"0";"0";"1";"0";"0";"0";"0";"0";"0";"0";"0";"0";"0";"0";"0";"0"
"36";"430185";"2015";"MUNICIPIO";"25";"0";"0";"0";"0";"0";"0";"0";"0";"0";"0";"0";"0";"0";"0";"0";"0";"0";"0";"0";"0"
"37";"430187";"2015";"MUNICIPIO";"12";"0";"0";"0";"0";"0";"0";"0";"0";"0";"0";"0";"0";"0";"0";"0";"0";"0";"0";"0";"0"
"38";"430190";"2015";"MUNICIPIO";"84";"0";"0";"0";"0";"0";"0";"0";"0";"0";"0";"0";"0";"0";"0";"0";"0";"0";"0";"0";"0"
"39";"430192";"2015";"MUNICIPIO";"16";"0";"0";"0";"0";"0";"0";"0";"0";"0";"0";"0";"0";"0";"0";"0";"0";"0";"0";"0";"0"
"40";"430195";"2015";"MUNICIPIO";"5";"0";"0";"0";"0";"0";"0";"0";"0";"0";"0";"0";"0";"0";"0";"0";"0";"0";"0";"0";"0"
"41";"430200";"2015";"MUNICIPIO";"79";"0";"0";"0";"0";"0";"0";"0";"0";"0";"0";"0";"0";"0";"0";"0";"0";"0";"0";"0";"0"
"42";"430205";"2015";"MUNICIPIO";"10";"0";"0";"0";"0";"0";"0";"0";"0";"0";"0";"0";"0";"0";"0";"0";"0";"0";"0";"0";"0"
"43";"430210";"2015";"MUNICIPIO";"659";"0";"15";"0";"0";"0";"0";"17";"0";"0";"0";"0";"0";"0";"0";"0";"0";"0";"0";"0";"0"
"44";"430215";"2015";"MUNICIPIO";"20";"0";"1";"0";"0";"0";"0";"0";"0";"0";"0";"0";"0";"0";"0";"0";"0";"0";"0";"0";"0"
"45";"430220";"2015";"MUNICIPIO";"51";"0";"0";"0";"0";"0";"0";"0";"0";"0";"0";"0";"0";"0";"0";"0";"0";"0";"0";"0";"0"
"46";"430222";"2015";"MUNICIPIO";"11";"0";"0";"0";"0";"0";"0";"0";"0";"0";"0";"0";"0";"0";"0";"0";"0";"0";"0";"0";"0"
"47";"430223";"2015";"MUNICIPIO";"19";"0";"0";"0";"0";"0";"0";"0";"0";"0";"0";"0";"0";"0";"0";"0";"0";"0";"0";"0";"0"
"48";"430225";"2015";"MUNICIPIO";"27";"0";"0";"0";"0";"0";"0";"0";"0";"0";"0";"0";"0";"0";"0";"0";"0";"0";"0";"0";"0"
"49";"430230";"2015";"MUNICIPIO";"36";"0";"2";"0";"0";"0";"0";"0";"0";"0";"0";"0";"0";"0";"0";"0";"0";"0";"0";"0";"0"
"50";"430235";"2015";"MUNICIPIO";"79";"0";"2";"0";"0";"0";"0";"3";"0";"0";"0";"0";"0";"0";"0";"0";"0";"0";"0";"0";"0"
"51";"430237";"2015";"MUNICIPIO";"15";"0";"0";"0";"0";"0";"0";"0";"0";"0";"0";"0";"0";"0";"0";"0";"0";"0";"0";"0";"0"
"52";"430240";"2015";"MUNICIPIO";"89";"0";"2";"0";"0";"0";"0";"2";"0";"0";"0";"0";"0";"0";"0";"0";"0";"0";"0";"0";"0"
"53";"430245";"2015";"MUNICIPIO";"60";"0";"1";"0";"0";"0";"0";"3";"0";"0";"0";"0";"0";"0";"0";"0";"0";"0";"0";"0";"0"
"54";"430250";"2015";"MUNICIPIO";"46";"0";"1";"0";"0";"0";"0";"1";"0";"0";"0";"0";"0";"0";"0";"0";"0";"0";"0";"0";"0"
"55";"430258";"2015";"MUNICIPIO";"17";"0";"0";"0";"0";"0";"0";"0";"0";"0";"0";"0";"0";"0";"0";"0";"0";"0";"0";"0";"0"
"56";"430260";"2015";"MUNICIPIO";"18";"0";"0";"0";"0";"0";"0";"0";"0";"0";"0";"0";"0";"0";"0";"0";"0";"0";"0";"0";"0"
"57";"430265";"2015";"MUNICIPIO";"41";"0";"0";"0";"0";"0";"0";"0";"0";"0";"0";"0";"0";"0";"0";"0";"0";"0";"0";"0";"0"
"58";"430270";"2015";"MUNICIPIO";"167";"0";"1";"0";"1";"0";"0";"0";"0";"0";"0";"0";"0";"0";"0";"0";"0";"0";"0";"0";"0"
"59";"430280";"2015";"MUNICIPIO";"347";"0";"6";"1";"0";"0";"0";"10";"0";"0";"0";"0";"0";"0";"0";"0";"0";"0";"0";"0";"0"
"60";"430290";"2015";"MUNICIPIO";"98";"0";"2";"0";"0";"0";"0";"3";"0";"0";"0";"0";"0";"0";"0";"0";"0";"0";"0";"0";"0"
"61";"430300";"2015";"MUNICIPIO";"937";"0";"6";"0";"0";"1";"0";"13";"0";"0";"0";"0";"0";"0";"0";"0";"0";"0";"0";"0";"0"
"62";"430310";"2015";"MUNICIPIO";"783";"1";"9";"0";"1";"0";"0";"14";"0";"1";"0";"0";"0";"0";"0";"0";"0";"0";"0";"0";"0"
"63";"430320";"2015";"MUNICIPIO";"49";"0";"1";"0";"0";"1";"0";"2";"0";"0";"0";"0";"0";"0";"0";"0";"0";"0";"0";"0";"0"
"64";"430330";"2015";"MUNICIPIO";"33";"0";"1";"0";"0";"0";"0";"1";"0";"0";"0";"0";"0";"0";"0";"0";"0";"0";"0";"0";"0"
"65";"430340";"2015";"MUNICIPIO";"32";"0";"0";"0";"0";"0";"0";"0";"0";"0";"0";"0";"0";"0";"0";"0";"0";"0";"0";"0";"0"
"66";"430350";"2015";"MUNICIPIO";"442";"1";"3";"0";"0";"0";"0";"7";"1";"0";"0";"0";"0";"1";"1";"0";"0";"0";"0";"0";"0"
"67";"430355";"2015";"MUNICIPIO";"15";"0";"1";"0";"0";"0";"0";"1";"0";"0";"0";"0";"0";"0";"0";"0";"0";"0";"0";"0";"0"
"68";"430360";"2015";"MUNICIPIO";"30";"0";"0";"0";"0";"0";"0";"0";"0";"0";"0";"0";"0";"0";"0";"0";"0";"0";"0";"0";"0"
"69";"430367";"2015";"MUNICIPIO";"21";"0";"0";"0";"0";"0";"0";"0";"0";"0";"0";"0";"0";"0";"0";"0";"0";"0";"0";"0";"0"
"70";"430370";"2015";"MUNICIPIO";"55";"0";"1";"0";"0";"0";"0";"1";"0";"0";"0";"0";"0";"0";"0";"0";"0";"0";"0";"0";"0"
"71";"430380";"2015";"MUNICIPIO";"41";"0";"0";"0";"0";"0";"0";"0";"0";"0";"0";"0";"0";"0";"0";"0";"0";"0";"0";"0";"0"
"72";"430390";"2015";"MUNICIPIO";"371";"0";"7";"0";"0";"0";"0";"11";"0";"0";"0";"0";"0";"0";"0";"0";"0";"0";"0";"0";"0"
"73";"430400";"2015";"MUNICIPIO";"45";"0";"0";"0";"0";"0";"0";"0";"0";"0";"0";"0";"0";"0";"0";"0";"0";"0";"0";"0";"0"
"74";"430410";"2015";"MUNICIPIO";"23";"0";"1";"0";"0";"0";"0";"1";"0";"0";"0";"0";"0";"0";"0";"0";"0";"0";"0";"0";"0"
"75";"430420";"2015";"MUNICIPIO";"334";"0";"3";"0";"0";"0";"0";"5";"0";"0";"0";"0";"0";"0";"0";"0";"0";"0";"0";"0";"0"
"76";"430430";"2015";"MUNICIPIO";"54";"1";"2";"0";"0";"0";"0";"1";"1";"0";"0";"0";"0";"1";"1";"0";"1";"0";"0";"0";"0"
"77";"430435";"2015";"MUNICIPIO";"46";"0";"2";"0";"0";"0";"0";"2";"0";"0";"0";"0";"0";"0";"0";"0";"0";"0";"0";"0";"0"
"78";"430440";"2015";"MUNICIPIO";"266";"0";"2";"0";"0";"0";"0";"5";"0";"0";"0";"0";"0";"0";"0";"0";"0";"0";"0";"0";"0"
"79";"430450";"2015";"MUNICIPIO";"447";"0";"0";"0";"1";"0";"0";"2";"0";"0";"0";"0";"0";"0";"0";"0";"0";"0";"0";"0";"0"
"80";"430460";"2015";"MUNICIPIO";"2648";"1";"33";"0";"3";"0";"0";"71";"1";"4";"0";"5";"0";"6";"6";"1";"0";"2";"0";"0";"0"
"81";"430461";"2015";"MUNICIPIO";"12";"0";"0";"0";"0";"0";"0";"0";"0";"0";"0";"0";"0";"0";"0";"0";"0";"0";"0";"0";"0"
"82";"430462";"2015";"MUNICIPIO";"15";"0";"0";"0";"0";"0";"0";"0";"0";"0";"0";"0";"0";"0";"0";"0";"0";"0";"0";"0";"0"
"83";"430463";"2015";"MUNICIPIO";"322";"0";"2";"0";"0";"0";"0";"0";"0";"0";"0";"0";"0";"0";"0";"0";"0";"0";"0";"0";"0"
"84";"430465";"2015";"MUNICIPIO";"15";"0";"0";"0";"0";"0";"0";"0";"0";"0";"0";"0";"0";"0";"0";"0";"0";"0";"0";"0";"0"
"85";"430466";"2015";"MUNICIPIO";"185";"0";"2";"0";"1";"0";"0";"8";"0";"0";"0";"0";"0";"0";"0";"0";"0";"0";"0";"0";"0"
"86";"430467";"2015";"MUNICIPIO";"24";"0";"0";"0";"0";"0";"0";"0";"0";"0";"0";"0";"0";"0";"0";"0";"0";"0";"0";"0";"0"
"87";"430468";"2015";"MUNICIPIO";"64";"0";"0";"0";"0";"0";"0";"0";"0";"0";"0";"0";"0";"0";"0";"0";"0";"0";"0";"0";"0"
"88";"430469";"2015";"MUNICIPIO";"20";"0";"0";"0";"0";"0";"0";"0";"0";"0";"0";"0";"0";"0";"0";"0";"0";"0";"0";"0";"0"
"89";"430470";"2015";"MUNICIPIO";"557";"0";"10";"0";"3";"0";"0";"18";"0";"0";"0";"0";"0";"0";"0";"0";"0";"0";"0";"0";"0"
"90";"430471";"2015";"MUNICIPIO";"34";"0";"0";"0";"0";"0";"0";"0";"0";"0";"0";"0";"0";"0";"0";"0";"0";"0";"0";"0";"0"
"91";"430480";"2015";"MUNICIPIO";"151";"0";"1";"0";"0";"0";"0";"1";"0";"0";"0";"0";"0";"0";"0";"0";"0";"0";"0";"0";"0"
"92";"430485";"2015";"MUNICIPIO";"7";"0";"0";"0";"0";"0";"0";"0";"0";"0";"0";"0";"0";"0";"0";"0";"0";"0";"0";"0";"0"
"93";"430490";"2015";"MUNICIPIO";"67";"0";"0";"0";"1";"0";"0";"1";"0";"0";"0";"0";"0";"0";"0";"0";"0";"0";"0";"0";"0"
"94";"430495";"2015";"MUNICIPIO";"24";"0";"0";"0";"0";"0";"0";"0";"0";"0";"0";"0";"0";"0";"0";"0";"0";"0";"0";"0";"0"
"95";"430500";"2015";"MUNICIPIO";"90";"0";"0";"0";"0";"0";"0";"0";"0";"0";"0";"0";"0";"0";"0";"0";"0";"0";"0";"0";"0"
"96";"430510";"2015";"MUNICIPIO";"2691";"1";"42";"2";"2";"0";"0";"56";"1";"4";"0";"0";"0";"1";"1";"0";"0";"0";"0";"0";"0"
"97";"430511";"2015";"MUNICIPIO";"20";"0";"0";"0";"0";"0";"0";"0";"0";"0";"0";"0";"0";"0";"0";"0";"0";"0";"0";"0";"0"
"98";"430512";"2015";"MUNICIPIO";"61";"0";"0";"0";"0";"0";"0";"0";"0";"0";"0";"0";"0";"0";"0";"0";"0";"0";"0";"0";"0"
"99";"430513";"2015";"MUNICIPIO";"46";"0";"0";"0";"0";"0";"0";"1";"0";"0";"0";"0";"0";"0";"0";"0";"0";"0";"0";"0";"0"
"100";"430515";"2015";"MUNICIPIO";"19";"0";"0";"0";"0";"0";"0";"0";"0";"0";"0";"0";"0";"0";"0";"0";"0";"0";"0";"0";"0"
"101";"430517";"2015";"MUNICIPIO";"64";"0";"1";"0";"0";"0";"0";"1";"0";"0";"0";"0";"0";"0";"0";"0";"0";"0";"0";"0";"0"
"102";"430520";"2015";"MUNICIPIO";"90";"0";"0";"0";"0";"0";"0";"0";"0";"0";"0";"0";"0";"0";"0";"0";"0";"0";"0";"0";"0"
"103";"430530";"2015";"MUNICIPIO";"69";"0";"0";"0";"0";"0";"0";"0";"0";"0";"0";"0";"0";"0";"0";"0";"0";"0";"0";"0";"0"
"104";"430535";"2015";"MUNICIPIO";"234";"0";"0";"0";"0";"0";"0";"1";"0";"0";"0";"0";"0";"0";"0";"0";"0";"0";"0";"0";"0"
"105";"430537";"2015";"MUNICIPIO";"25";"0";"0";"0";"0";"0";"0";"1";"0";"0";"0";"0";"0";"0";"0";"0";"0";"0";"0";"0";"0"
"106";"430540";"2015";"MUNICIPIO";"28";"0";"1";"0";"0";"0";"0";"1";"0";"0";"0";"0";"0";"0";"0";"0";"0";"0";"0";"0";"0"
"107";"430543";"2015";"MUNICIPIO";"17";"0";"1";"0";"0";"0";"0";"1";"0";"0";"0";"0";"0";"0";"0";"0";"0";"0";"0";"0";"0"
"108";"430544";"2015";"MUNICIPIO";"33";"0";"0";"0";"0";"0";"0";"0";"0";"0";"0";"0";"0";"0";"0";"0";"0";"0";"0";"0";"0"
"109";"430545";"2015";"MUNICIPIO";"130";"0";"1";"0";"0";"0";"0";"0";"0";"0";"0";"0";"0";"0";"0";"0";"0";"0";"0";"0";"0"
"110";"430550";"2015";"MUNICIPIO";"44";"0";"1";"0";"1";"0";"0";"2";"0";"0";"0";"0";"0";"0";"0";"0";"0";"0";"0";"0";"0"
"111";"430558";"2015";"MUNICIPIO";"31";"0";"0";"0";"0";"0";"0";"0";"0";"0";"0";"0";"0";"0";"0";"0";"0";"0";"0";"0";"0"
"112";"430560";"2015";"MUNICIPIO";"26";"0";"1";"0";"0";"0";"0";"1";"0";"0";"0";"0";"0";"0";"0";"0";"0";"0";"0";"0";"0"
"113";"430570";"2015";"MUNICIPIO";"32";"0";"0";"0";"0";"0";"0";"0";"0";"0";"0";"0";"0";"0";"0";"0";"0";"0";"0";"0";"0"
"114";"430580";"2015";"MUNICIPIO";"65";"0";"0";"0";"0";"0";"0";"1";"0";"0";"0";"0";"0";"0";"0";"0";"0";"0";"0";"0";"0"
"115";"430583";"2015";"MUNICIPIO";"14";"0";"0";"0";"0";"0";"0";"0";"0";"0";"0";"0";"0";"0";"0";"0";"0";"0";"0";"0";"0"
"116";"430585";"2015";"MUNICIPIO";"29";"0";"0";"0";"0";"0";"0";"0";"0";"0";"0";"0";"0";"0";"0";"0";"0";"0";"0";"0";"0"
"117";"430587";"2015";"MUNICIPIO";"26";"0";"1";"0";"0";"0";"0";"1";"0";"0";"0";"0";"0";"0";"0";"0";"0";"0";"0";"0";"0"
"118";"430590";"2015";"MUNICIPIO";"52";"0";"0";"0";"0";"0";"0";"0";"0";"1";"0";"0";"0";"0";"0";"0";"0";"0";"0";"0";"0"
"119";"430593";"2015";"MUNICIPIO";"12";"0";"0";"0";"0";"0";"0";"0";"0";"0";"0";"0";"0";"0";"0";"0";"0";"0";"0";"0";"0"
"120";"430595";"2015";"MUNICIPIO";"39";"0";"0";"0";"0";"0";"0";"0";"0";"0";"0";"0";"0";"0";"0";"0";"0";"0";"0";"0";"0"
"121";"430597";"2015";"MUNICIPIO";"16";"0";"0";"0";"0";"0";"0";"0";"0";"0";"0";"0";"0";"0";"0";"0";"0";"0";"0";"0";"0"
"122";"430600";"2015";"MUNICIPIO";"130";"0";"3";"0";"0";"0";"0";"3";"0";"0";"0";"0";"0";"0";"0";"0";"0";"0";"0";"0";"0"
"123";"430605";"2015";"MUNICIPIO";"68";"0";"0";"0";"1";"0";"0";"2";"0";"0";"0";"0";"0";"0";"0";"0";"0";"0";"0";"0";"0"
"124";"430607";"2015";"MUNICIPIO";"24";"0";"0";"0";"0";"0";"0";"0";"1";"0";"0";"0";"0";"1";"1";"1";"0";"0";"0";"0";"0"
"125";"430610";"2015";"MUNICIPIO";"531";"0";"6";"0";"0";"0";"0";"9";"0";"1";"0";"0";"0";"0";"0";"0";"0";"0";"0";"0";"0"
"126";"430613";"2015";"MUNICIPIO";"19";"0";"1";"0";"0";"0";"0";"0";"0";"0";"0";"0";"0";"0";"0";"0";"0";"0";"0";"0";"0"
"127";"430620";"2015";"MUNICIPIO";"109";"0";"1";"0";"0";"0";"0";"3";"0";"0";"0";"0";"0";"0";"0";"0";"0";"0";"0";"0";"0"
"128";"430630";"2015";"MUNICIPIO";"32";"0";"0";"0";"0";"0";"0";"0";"0";"0";"0";"0";"0";"0";"0";"0";"0";"0";"0";"0";"0"
"129";"430632";"2015";"MUNICIPIO";"18";"0";"0";"0";"0";"0";"0";"0";"0";"0";"0";"0";"0";"0";"0";"0";"0";"0";"0";"0";"0"
"130";"430635";"2015";"MUNICIPIO";"26";"0";"1";"0";"0";"0";"0";"1";"0";"0";"0";"0";"0";"0";"0";"0";"0";"0";"0";"0";"0"
"131";"430637";"2015";"MUNICIPIO";"32";"0";"0";"0";"0";"0";"0";"0";"0";"0";"0";"0";"0";"0";"0";"0";"0";"0";"0";"0";"0"
"132";"430640";"2015";"MUNICIPIO";"142";"0";"4";"0";"0";"0";"0";"5";"0";"0";"0";"0";"0";"0";"0";"0";"0";"0";"0";"0";"0"
"133";"430642";"2015";"MUNICIPIO";"11";"0";"0";"0";"0";"0";"0";"0";"0";"0";"0";"0";"0";"0";"0";"0";"0";"0";"0";"0";"0"
"134";"430645";"2015";"MUNICIPIO";"34";"0";"2";"0";"0";"0";"0";"3";"0";"0";"0";"0";"0";"0";"0";"0";"0";"0";"0";"0";"0"
"135";"430650";"2015";"MUNICIPIO";"113";"0";"2";"0";"0";"0";"0";"0";"1";"0";"0";"0";"0";"1";"1";"0";"0";"0";"0";"0";"0"
"136";"430655";"2015";"MUNICIPIO";"23";"0";"0";"0";"0";"0";"0";"0";"0";"0";"0";"0";"0";"0";"0";"0";"0";"0";"0";"0";"0"
"137";"430660";"2015";"MUNICIPIO";"363";"0";"5";"0";"0";"0";"0";"7";"0";"0";"0";"1";"0";"1";"1";"0";"0";"0";"1";"0";"0"
"138";"430670";"2015";"MUNICIPIO";"34";"0";"0";"0";"0";"0";"0";"1";"0";"0";"0";"0";"0";"0";"0";"0";"0";"0";"0";"0";"0"
"139";"430673";"2015";"MUNICIPIO";"41";"0";"2";"0";"0";"0";"0";"1";"0";"0";"0";"0";"0";"0";"0";"0";"0";"0";"0";"0";"0"
"140";"430675";"2015";"MUNICIPIO";"19";"0";"0";"0";"0";"0";"0";"0";"0";"0";"0";"0";"0";"0";"0";"0";"0";"0";"0";"0";"0"
"141";"430676";"2015";"MUNICIPIO";"192";"0";"6";"0";"1";"0";"0";"12";"0";"0";"0";"0";"0";"0";"0";"0";"0";"0";"0";"0";"0"
"142";"430680";"2015";"MUNICIPIO";"153";"0";"2";"0";"0";"0";"0";"5";"0";"0";"0";"0";"0";"0";"0";"0";"0";"0";"0";"0";"0"
"143";"430690";"2015";"MUNICIPIO";"242";"0";"1";"0";"0";"0";"0";"3";"0";"0";"0";"0";"0";"0";"0";"0";"0";"0";"0";"0";"0"
"144";"430692";"2015";"MUNICIPIO";"11";"0";"0";"0";"0";"0";"0";"0";"0";"0";"0";"0";"0";"0";"0";"0";"0";"0";"0";"0";"0"
"145";"430693";"2015";"MUNICIPIO";"82";"0";"0";"0";"0";"0";"0";"0";"0";"0";"0";"0";"0";"0";"0";"0";"0";"0";"0";"0";"0"
"146";"430695";"2015";"MUNICIPIO";"23";"0";"1";"0";"0";"0";"0";"1";"0";"0";"0";"0";"0";"0";"0";"0";"0";"0";"0";"0";"0"
"147";"430697";"2015";"MUNICIPIO";"28";"1";"0";"0";"0";"0";"0";"0";"0";"0";"0";"1";"0";"1";"1";"0";"1";"0";"0";"0";"0"
"148";"430700";"2015";"MUNICIPIO";"637";"0";"9";"0";"0";"0";"0";"13";"0";"0";"0";"1";"0";"1";"1";"0";"0";"0";"0";"1";"0"
"149";"430705";"2015";"MUNICIPIO";"15";"0";"0";"0";"0";"0";"0";"0";"0";"0";"0";"0";"0";"0";"0";"0";"0";"0";"0";"0";"0"
"150";"430710";"2015";"MUNICIPIO";"58";"0";"1";"0";"0";"0";"0";"1";"0";"0";"0";"0";"0";"0";"0";"0";"0";"0";"0";"0";"0"
"151";"430720";"2015";"MUNICIPIO";"48";"0";"0";"0";"0";"0";"0";"0";"0";"0";"0";"0";"0";"0";"0";"0";"0";"0";"0";"0";"0"
"152";"430730";"2015";"MUNICIPIO";"65";"0";"0";"0";"0";"0";"0";"0";"0";"0";"0";"0";"0";"0";"0";"0";"0";"0";"0";"0";"0"
"153";"430740";"2015";"MUNICIPIO";"21";"0";"1";"0";"0";"0";"0";"0";"0";"0";"0";"0";"0";"0";"0";"0";"0";"0";"0";"0";"0"
"154";"430745";"2015";"MUNICIPIO";"23";"0";"0";"0";"0";"0";"0";"1";"0";"0";"0";"0";"0";"0";"0";"0";"0";"0";"0";"0";"0"
"155";"430750";"2015";"MUNICIPIO";"138";"0";"2";"0";"1";"0";"0";"4";"0";"0";"0";"0";"0";"0";"0";"0";"0";"0";"0";"0";"0"
"156";"430755";"2015";"MUNICIPIO";"45";"0";"1";"0";"0";"0";"0";"1";"0";"0";"0";"0";"0";"0";"0";"0";"0";"0";"0";"0";"0"
"157";"430760";"2015";"MUNICIPIO";"243";"0";"2";"0";"0";"0";"0";"4";"0";"0";"0";"0";"0";"0";"0";"0";"0";"0";"0";"0";"0"
"158";"430770";"2015";"MUNICIPIO";"532";"0";"6";"0";"1";"0";"0";"9";"0";"0";"0";"0";"0";"0";"0";"0";"0";"0";"0";"0";"0"
"159";"430780";"2015";"MUNICIPIO";"251";"0";"3";"1";"1";"0";"0";"8";"0";"0";"0";"0";"0";"0";"0";"0";"0";"0";"0";"0";"0"
"160";"430781";"2015";"MUNICIPIO";"23";"0";"0";"0";"0";"0";"0";"0";"0";"0";"0";"0";"0";"0";"0";"0";"0";"0";"0";"0";"0"
"161";"430783";"2015";"MUNICIPIO";"19";"0";"0";"0";"0";"0";"0";"1";"0";"0";"0";"0";"0";"0";"0";"0";"0";"0";"0";"0";"0"
"162";"430786";"2015";"MUNICIPIO";"17";"0";"2";"0";"0";"0";"0";"2";"0";"0";"0";"0";"0";"0";"0";"0";"0";"0";"0";"0";"0"
"163";"430790";"2015";"MUNICIPIO";"391";"1";"1";"0";"0";"0";"0";"4";"1";"0";"0";"1";"0";"2";"2";"0";"0";"1";"0";"0";"0"
"164";"430800";"2015";"MUNICIPIO";"53";"0";"0";"0";"0";"0";"0";"0";"0";"0";"0";"0";"0";"0";"0";"0";"0";"0";"0";"0";"0"
"165";"430805";"2015";"MUNICIPIO";"17";"0";"0";"0";"0";"0";"0";"0";"0";"0";"0";"0";"0";"0";"0";"0";"0";"0";"0";"0";"0"
"166";"430807";"2015";"MUNICIPIO";"31";"0";"0";"0";"0";"0";"0";"0";"0";"0";"0";"0";"0";"0";"0";"0";"0";"0";"0";"0";"0"
"167";"430810";"2015";"MUNICIPIO";"88";"0";"0";"0";"0";"0";"0";"2";"0";"0";"0";"0";"0";"0";"0";"0";"0";"0";"0";"0";"0"
"168";"430820";"2015";"MUNICIPIO";"158";"0";"1";"0";"0";"0";"0";"2";"0";"0";"0";"0";"0";"0";"0";"0";"0";"0";"0";"0";"0"
"169";"430825";"2015";"MUNICIPIO";"18";"0";"0";"0";"0";"0";"0";"0";"0";"0";"0";"0";"0";"0";"0";"0";"0";"0";"0";"0";"0"
"170";"430830";"2015";"MUNICIPIO";"74";"0";"2";"0";"0";"0";"0";"1";"0";"0";"0";"0";"0";"0";"0";"0";"0";"0";"0";"0";"0"
"171";"430840";"2015";"MUNICIPIO";"67";"0";"0";"0";"0";"0";"0";"0";"0";"0";"0";"0";"0";"0";"0";"0";"0";"0";"0";"0";"0"
"172";"430843";"2015";"MUNICIPIO";"35";"0";"0";"0";"0";"0";"0";"0";"0";"0";"0";"0";"0";"0";"0";"0";"0";"0";"0";"0";"0"
"173";"430845";"2015";"MUNICIPIO";"18";"0";"0";"0";"0";"0";"0";"0";"0";"0";"0";"0";"0";"0";"0";"0";"0";"0";"0";"0";"0"
"174";"430850";"2015";"MUNICIPIO";"185";"0";"2";"0";"0";"0";"0";"2";"0";"0";"0";"0";"0";"0";"0";"0";"0";"0";"0";"0";"0"
"175";"430860";"2015";"MUNICIPIO";"177";"0";"3";"0";"0";"0";"0";"4";"0";"1";"0";"0";"0";"0";"0";"0";"0";"0";"0";"0";"0"
"176";"430865";"2015";"MUNICIPIO";"12";"0";"0";"0";"0";"0";"0";"1";"0";"0";"0";"0";"0";"0";"0";"0";"0";"0";"0";"0";"0"
"177";"430870";"2015";"MUNICIPIO";"50";"0";"0";"0";"0";"0";"0";"0";"0";"0";"0";"0";"0";"0";"0";"0";"0";"0";"0";"0";"0"
"178";"430880";"2015";"MUNICIPIO";"67";"0";"0";"0";"0";"0";"0";"1";"0";"0";"0";"0";"0";"0";"0";"0";"0";"0";"0";"0";"0"
"179";"430885";"2015";"MUNICIPIO";"15";"0";"0";"0";"0";"0";"0";"0";"0";"0";"0";"0";"0";"0";"0";"0";"0";"0";"0";"0";"0"
"180";"430890";"2015";"MUNICIPIO";"135";"0";"0";"0";"0";"0";"0";"0";"0";"0";"0";"0";"0";"0";"0";"0";"0";"0";"0";"0";"0"
"181";"430900";"2015";"MUNICIPIO";"134";"0";"3";"0";"0";"0";"0";"4";"0";"0";"0";"0";"0";"0";"0";"0";"0";"0";"0";"0";"0"
"182";"430905";"2015";"MUNICIPIO";"59";"0";"0";"0";"0";"0";"0";"0";"0";"0";"0";"0";"0";"0";"0";"0";"0";"0";"0";"0";"0"
"183";"430910";"2015";"MUNICIPIO";"230";"0";"5";"0";"0";"0";"0";"7";"0";"0";"0";"0";"0";"0";"0";"0";"0";"0";"0";"0";"0"
"184";"430912";"2015";"MUNICIPIO";"12";"0";"0";"0";"0";"0";"0";"0";"0";"0";"0";"0";"0";"0";"0";"0";"0";"0";"0";"0";"0"
"185";"430915";"2015";"MUNICIPIO";"16";"0";"0";"0";"0";"0";"0";"0";"0";"0";"0";"0";"0";"0";"0";"0";"0";"0";"0";"0";"0"
"186";"430920";"2015";"MUNICIPIO";"1707";"1";"19";"0";"0";"0";"0";"26";"1";"0";"0";"2";"0";"3";"3";"1";"0";"1";"0";"0";"0"
"187";"430925";"2015";"MUNICIPIO";"12";"0";"0";"0";"0";"0";"0";"0";"0";"0";"0";"0";"0";"0";"0";"0";"0";"0";"0";"0";"0"
"188";"430930";"2015";"MUNICIPIO";"737";"0";"4";"0";"0";"0";"0";"11";"0";"1";"0";"1";"0";"1";"1";"0";"0";"0";"0";"0";"0"
"189";"430940";"2015";"MUNICIPIO";"155";"0";"1";"0";"2";"0";"0";"3";"0";"0";"0";"0";"0";"0";"0";"0";"0";"0";"0";"0";"0"
"190";"430950";"2015";"MUNICIPIO";"71";"0";"0";"0";"0";"0";"0";"0";"0";"0";"0";"0";"0";"0";"0";"0";"0";"0";"0";"0";"0"
"191";"430955";"2015";"MUNICIPIO";"30";"0";"0";"0";"0";"0";"0";"0";"0";"0";"0";"0";"0";"0";"0";"0";"0";"0";"0";"0";"0"
"192";"430957";"2015";"MUNICIPIO";"16";"0";"0";"0";"0";"0";"0";"0";"0";"0";"0";"0";"0";"0";"0";"0";"0";"0";"0";"0";"0"
"193";"430960";"2015";"MUNICIPIO";"140";"0";"0";"0";"0";"0";"0";"1";"0";"0";"0";"0";"0";"0";"0";"0";"0";"0";"0";"0";"0"
"194";"430965";"2015";"MUNICIPIO";"34";"0";"0";"0";"0";"0";"0";"0";"0";"0";"0";"0";"0";"0";"0";"0";"0";"0";"0";"0";"0"
"195";"430970";"2015";"MUNICIPIO";"39";"0";"0";"0";"0";"0";"0";"0";"0";"0";"0";"0";"0";"0";"0";"0";"0";"0";"0";"0";"0"
"196";"430975";"2015";"MUNICIPIO";"26";"0";"0";"0";"0";"0";"0";"0";"0";"0";"0";"0";"0";"0";"0";"0";"0";"0";"0";"0";"0"
"197";"430980";"2015";"MUNICIPIO";"50";"0";"0";"0";"0";"0";"0";"0";"0";"0";"0";"0";"0";"0";"0";"0";"0";"0";"0";"0";"0"
"198";"430990";"2015";"MUNICIPIO";"53";"0";"2";"0";"0";"0";"0";"2";"0";"0";"0";"0";"0";"0";"0";"0";"0";"0";"0";"0";"0"
"199";"430995";"2015";"MUNICIPIO";"33";"0";"0";"0";"0";"0";"0";"0";"0";"0";"0";"0";"0";"0";"0";"0";"0";"0";"0";"0";"0"
"200";"431000";"2015";"MUNICIPIO";"139";"0";"1";"0";"0";"0";"0";"2";"0";"1";"0";"0";"0";"0";"0";"0";"0";"0";"0";"0";"0"
"201";"431010";"2015";"MUNICIPIO";"209";"0";"3";"0";"0";"0";"0";"5";"0";"0";"0";"0";"0";"0";"0";"0";"0";"0";"0";"0";"0"
"202";"431020";"2015";"MUNICIPIO";"515";"1";"12";"0";"0";"0";"0";"15";"1";"0";"0";"0";"0";"1";"1";"0";"1";"0";"0";"0";"0"
"203";"431030";"2015";"MUNICIPIO";"25";"0";"0";"0";"0";"0";"0";"0";"0";"0";"0";"0";"0";"0";"0";"0";"0";"0";"0";"0";"0"
"204";"431033";"2015";"MUNICIPIO";"188";"0";"1";"0";"0";"0";"0";"1";"0";"0";"0";"0";"0";"0";"0";"0";"0";"0";"0";"0";"0"
"205";"431036";"2015";"MUNICIPIO";"34";"0";"0";"0";"0";"0";"0";"0";"0";"0";"0";"0";"0";"0";"0";"0";"0";"0";"0";"0";"0"
"206";"431040";"2015";"MUNICIPIO";"59";"0";"0";"0";"0";"0";"0";"0";"0";"0";"0";"0";"0";"0";"0";"0";"0";"0";"0";"0";"0"
"207";"431041";"2015";"MUNICIPIO";"10";"0";"0";"0";"0";"0";"0";"1";"0";"0";"0";"0";"0";"0";"0";"0";"0";"0";"0";"0";"0"
"208";"431043";"2015";"MUNICIPIO";"42";"0";"1";"0";"0";"0";"0";"1";"0";"0";"0";"0";"0";"0";"0";"0";"0";"0";"0";"0";"0"
"209";"431046";"2015";"MUNICIPIO";"21";"0";"0";"0";"0";"0";"0";"0";"0";"0";"0";"0";"0";"0";"0";"0";"0";"0";"0";"0";"0"
"210";"431050";"2015";"MUNICIPIO";"68";"0";"1";"0";"0";"0";"0";"0";"0";"0";"0";"0";"0";"0";"0";"0";"0";"0";"0";"0";"0"
"211";"431053";"2015";"MUNICIPIO";"36";"0";"0";"0";"0";"0";"0";"0";"0";"0";"0";"0";"0";"0";"0";"0";"0";"0";"0";"0";"0"
"212";"431055";"2015";"MUNICIPIO";"24";"0";"0";"0";"0";"0";"0";"0";"0";"0";"0";"0";"0";"0";"0";"0";"0";"0";"0";"0";"0"
"213";"431057";"2015";"MUNICIPIO";"11";"0";"0";"0";"0";"0";"0";"0";"0";"0";"0";"0";"0";"0";"0";"0";"0";"0";"0";"0";"0"
"214";"431060";"2015";"MUNICIPIO";"296";"0";"4";"1";"0";"0";"0";"10";"0";"0";"0";"0";"0";"0";"0";"0";"0";"0";"0";"0";"0"
"215";"431065";"2015";"MUNICIPIO";"16";"0";"0";"0";"0";"0";"0";"0";"0";"0";"0";"0";"0";"0";"0";"0";"0";"0";"0";"0";"0"
"216";"431070";"2015";"MUNICIPIO";"30";"0";"0";"0";"0";"0";"0";"0";"0";"0";"0";"0";"0";"0";"0";"0";"0";"0";"0";"0";"0"
"217";"431075";"2015";"MUNICIPIO";"18";"0";"0";"0";"0";"0";"0";"0";"0";"0";"0";"0";"0";"0";"0";"0";"0";"0";"0";"0";"0"
"218";"431080";"2015";"MUNICIPIO";"143";"0";"1";"0";"0";"0";"0";"2";"0";"0";"0";"0";"0";"0";"0";"0";"0";"0";"0";"0";"0"
"219";"431085";"2015";"MUNICIPIO";"25";"0";"2";"0";"0";"0";"0";"2";"0";"0";"0";"0";"0";"0";"0";"0";"0";"0";"0";"0";"0"
"220";"431087";"2015";"MUNICIPIO";"19";"0";"0";"0";"0";"0";"0";"0";"0";"0";"0";"0";"0";"0";"0";"0";"0";"0";"0";"0";"0"
"221";"431090";"2015";"MUNICIPIO";"25";"0";"0";"0";"0";"0";"0";"0";"0";"0";"0";"0";"0";"0";"0";"0";"0";"0";"0";"0";"0"
"222";"431100";"2015";"MUNICIPIO";"255";"0";"1";"0";"0";"0";"0";"1";"0";"0";"0";"0";"0";"0";"0";"0";"0";"0";"0";"0";"0"
"223";"431110";"2015";"MUNICIPIO";"105";"0";"2";"0";"0";"0";"0";"0";"0";"0";"0";"0";"0";"0";"0";"0";"0";"0";"0";"0";"0"
"224";"431112";"2015";"MUNICIPIO";"34";"0";"1";"0";"0";"0";"0";"1";"0";"0";"0";"0";"0";"0";"0";"0";"0";"0";"0";"0";"0"
"225";"431113";"2015";"MUNICIPIO";"23";"0";"0";"0";"0";"0";"0";"0";"0";"0";"0";"0";"0";"0";"0";"0";"0";"0";"0";"0";"0"
"226";"431115";"2015";"MUNICIPIO";"48";"0";"0";"0";"0";"0";"0";"1";"0";"0";"0";"0";"0";"0";"0";"0";"0";"0";"0";"0";"0"
"227";"431120";"2015";"MUNICIPIO";"155";"0";"0";"0";"0";"0";"0";"0";"0";"0";"0";"0";"0";"0";"0";"0";"0";"0";"0";"0";"0"
"228";"431123";"2015";"MUNICIPIO";"23";"0";"1";"0";"0";"0";"0";"1";"0";"0";"0";"0";"0";"0";"0";"0";"0";"0";"0";"0";"0"
"229";"431125";"2015";"MUNICIPIO";"42";"0";"0";"0";"0";"0";"0";"0";"0";"0";"0";"0";"0";"0";"0";"0";"0";"0";"0";"0";"0"
"230";"431127";"2015";"MUNICIPIO";"14";"0";"0";"0";"0";"0";"0";"0";"0";"0";"0";"0";"0";"0";"0";"0";"0";"0";"0";"0";"0"
"231";"431130";"2015";"MUNICIPIO";"212";"0";"3";"0";"1";"0";"0";"3";"0";"0";"0";"0";"0";"0";"0";"0";"0";"0";"0";"0";"0"
"232";"431140";"2015";"MUNICIPIO";"482";"0";"8";"0";"0";"0";"0";"12";"0";"1";"0";"0";"0";"0";"0";"0";"0";"0";"0";"0";"0"
"233";"431142";"2015";"MUNICIPIO";"21";"0";"0";"0";"0";"0";"0";"0";"0";"0";"0";"0";"0";"0";"0";"0";"0";"0";"0";"0";"0"
"234";"431150";"2015";"MUNICIPIO";"65";"0";"1";"0";"0";"0";"0";"1";"0";"0";"0";"0";"0";"0";"0";"0";"0";"0";"0";"0";"0"
"235";"431160";"2015";"MUNICIPIO";"41";"0";"0";"0";"0";"0";"0";"0";"0";"0";"0";"0";"0";"0";"0";"0";"0";"0";"0";"0";"0"
"236";"431162";"2015";"MUNICIPIO";"32";"0";"0";"0";"0";"0";"0";"1";"0";"0";"0";"0";"0";"0";"0";"0";"0";"0";"0";"0";"0"
"237";"431164";"2015";"MUNICIPIO";"9";"0";"0";"0";"0";"0";"0";"0";"0";"0";"0";"0";"0";"0";"0";"0";"0";"0";"0";"0";"0"
"238";"431170";"2015";"MUNICIPIO";"43";"0";"2";"0";"0";"0";"0";"2";"0";"0";"0";"0";"0";"0";"0";"0";"0";"0";"0";"0";"0"
"239";"431171";"2015";"MUNICIPIO";"16";"0";"0";"0";"0";"0";"0";"0";"0";"0";"0";"0";"0";"0";"0";"0";"0";"0";"0";"0";"0"
"240";"431173";"2015";"MUNICIPIO";"20";"0";"0";"0";"0";"0";"0";"0";"0";"0";"0";"0";"0";"0";"0";"0";"0";"0";"0";"0";"0"
"241";"431175";"2015";"MUNICIPIO";"46";"0";"2";"0";"0";"0";"0";"4";"0";"0";"0";"0";"0";"0";"0";"0";"0";"0";"0";"0";"0"
"242";"431177";"2015";"MUNICIPIO";"70";"0";"2";"0";"0";"0";"0";"1";"0";"0";"0";"0";"0";"0";"0";"0";"0";"0";"0";"0";"0"
"243";"431179";"2015";"MUNICIPIO";"22";"0";"0";"0";"0";"0";"0";"0";"0";"0";"0";"0";"0";"0";"0";"0";"0";"0";"0";"0";"0"
"244";"431180";"2015";"MUNICIPIO";"214";"0";"5";"0";"1";"0";"0";"9";"0";"0";"0";"0";"0";"0";"0";"0";"0";"0";"0";"0";"0"
"245";"431190";"2015";"MUNICIPIO";"34";"0";"0";"0";"0";"0";"0";"0";"0";"0";"0";"0";"0";"0";"0";"0";"0";"0";"0";"0";"0"
"246";"431198";"2015";"MUNICIPIO";"34";"0";"0";"0";"0";"0";"0";"0";"0";"1";"0";"0";"0";"0";"0";"0";"0";"0";"0";"0";"0"
"247";"431200";"2015";"MUNICIPIO";"18";"0";"0";"0";"0";"0";"0";"0";"0";"0";"0";"0";"0";"0";"0";"0";"0";"0";"0";"0";"0"
"248";"431205";"2015";"MUNICIPIO";"57";"0";"1";"0";"0";"0";"0";"1";"0";"0";"0";"0";"0";"0";"0";"0";"0";"0";"0";"0";"0"
"249";"431210";"2015";"MUNICIPIO";"53";"0";"0";"0";"0";"0";"0";"0";"0";"0";"0";"0";"0";"0";"0";"0";"0";"0";"0";"0";"0"
"250";"431213";"2015";"MUNICIPIO";"21";"0";"0";"0";"0";"0";"0";"0";"0";"0";"0";"0";"0";"0";"0";"0";"0";"0";"0";"0";"0"
"251";"431215";"2015";"MUNICIPIO";"38";"0";"1";"0";"0";"0";"0";"1";"0";"0";"0";"0";"0";"0";"0";"0";"0";"0";"0";"0";"0"
"252";"431217";"2015";"MUNICIPIO";"15";"0";"0";"0";"0";"0";"0";"0";"0";"0";"0";"0";"0";"0";"0";"0";"0";"0";"0";"0";"0"
"253";"431220";"2015";"MUNICIPIO";"40";"0";"0";"0";"0";"0";"0";"0";"0";"0";"0";"0";"0";"0";"0";"0";"0";"0";"0";"0";"0"
"254";"431225";"2015";"MUNICIPIO";"65";"0";"0";"0";"1";"0";"0";"1";"0";"0";"0";"0";"0";"0";"0";"0";"0";"0";"0";"0";"0"
"255";"431230";"2015";"MUNICIPIO";"28";"0";"0";"0";"0";"0";"0";"0";"0";"0";"0";"0";"0";"0";"0";"0";"0";"0";"0";"0";"0"
"256";"431235";"2015";"MUNICIPIO";"8";"0";"0";"0";"0";"0";"0";"0";"0";"0";"0";"0";"0";"0";"0";"0";"0";"0";"0";"0";"0"
"257";"431237";"2015";"MUNICIPIO";"22";"0";"0";"0";"0";"0";"0";"0";"0";"0";"0";"0";"0";"0";"0";"0";"0";"0";"0";"0";"0"
"258";"431238";"2015";"MUNICIPIO";"20";"0";"0";"0";"0";"0";"0";"0";"0";"0";"0";"0";"0";"0";"0";"0";"0";"0";"0";"0";"0"
"259";"431240";"2015";"MUNICIPIO";"475";"1";"9";"2";"1";"0";"0";"18";"1";"0";"0";"1";"0";"2";"2";"1";"0";"0";"0";"0";"0"
"260";"431242";"2015";"MUNICIPIO";"14";"0";"0";"0";"0";"0";"0";"0";"0";"0";"0";"0";"0";"0";"0";"0";"0";"0";"0";"0";"0"
"261";"431244";"2015";"MUNICIPIO";"26";"0";"0";"0";"0";"0";"0";"0";"0";"0";"0";"0";"0";"0";"0";"0";"0";"0";"0";"0";"0"
"262";"431245";"2015";"MUNICIPIO";"63";"0";"0";"0";"0";"0";"0";"1";"0";"0";"0";"0";"0";"0";"0";"0";"0";"0";"0";"0";"0"
"263";"431247";"2015";"MUNICIPIO";"34";"0";"1";"0";"0";"0";"0";"0";"0";"0";"0";"0";"0";"0";"0";"0";"0";"0";"0";"0";"0"
"264";"431250";"2015";"MUNICIPIO";"83";"0";"0";"0";"0";"0";"0";"0";"0";"0";"0";"0";"0";"0";"0";"0";"0";"0";"0";"0";"0"
"265";"431260";"2015";"MUNICIPIO";"52";"0";"0";"0";"0";"0";"0";"0";"0";"0";"0";"0";"0";"0";"0";"0";"0";"0";"0";"0";"0"
"266";"431261";"2015";"MUNICIPIO";"18";"0";"0";"0";"0";"0";"0";"0";"0";"0";"0";"0";"0";"0";"0";"0";"0";"0";"0";"0";"0"
"267";"431262";"2015";"MUNICIPIO";"11";"0";"0";"0";"0";"0";"0";"0";"0";"0";"0";"0";"0";"0";"0";"0";"0";"0";"0";"0";"0"
"268";"431265";"2015";"MUNICIPIO";"130";"0";"4";"0";"0";"0";"0";"5";"0";"0";"0";"0";"0";"0";"0";"0";"0";"0";"0";"0";"0"
"269";"431267";"2015";"MUNICIPIO";"14";"0";"0";"0";"0";"0";"0";"0";"0";"0";"0";"0";"0";"0";"0";"0";"0";"0";"0";"0";"0"
"270";"431270";"2015";"MUNICIPIO";"91";"0";"3";"0";"0";"1";"0";"3";"0";"0";"0";"0";"0";"0";"0";"0";"0";"0";"0";"0";"0"
"271";"431275";"2015";"MUNICIPIO";"12";"0";"0";"0";"0";"0";"0";"0";"0";"0";"0";"0";"0";"0";"0";"0";"0";"0";"0";"0";"0"
"272";"431280";"2015";"MUNICIPIO";"21";"0";"0";"0";"0";"0";"0";"0";"0";"0";"0";"0";"0";"0";"0";"0";"0";"0";"0";"0";"0"
"273";"431290";"2015";"MUNICIPIO";"62";"0";"0";"0";"0";"0";"0";"0";"0";"0";"0";"0";"0";"0";"0";"0";"0";"0";"0";"0";"0"
"274";"431295";"2015";"MUNICIPIO";"13";"0";"0";"0";"0";"0";"0";"0";"0";"0";"0";"0";"0";"0";"0";"0";"0";"0";"0";"0";"0"
"275";"431300";"2015";"MUNICIPIO";"34";"0";"0";"0";"0";"0";"0";"0";"0";"0";"0";"0";"0";"0";"0";"0";"0";"0";"0";"0";"0"
"276";"431301";"2015";"MUNICIPIO";"21";"0";"0";"0";"0";"0";"0";"0";"0";"0";"0";"0";"0";"0";"0";"0";"0";"0";"0";"0";"0"
"277";"431303";"2015";"MUNICIPIO";"34";"0";"0";"0";"0";"0";"0";"0";"0";"0";"0";"0";"0";"0";"0";"0";"0";"0";"0";"0";"0"
"278";"431306";"2015";"MUNICIPIO";"91";"0";"1";"0";"0";"0";"0";"3";"0";"0";"0";"0";"0";"0";"0";"0";"0";"0";"0";"0";"0"
"279";"431308";"2015";"MUNICIPIO";"10";"0";"0";"0";"0";"0";"0";"0";"0";"0";"0";"0";"0";"0";"0";"0";"0";"0";"0";"0";"0"
"280";"431310";"2015";"MUNICIPIO";"53";"0";"0";"0";"0";"0";"0";"0";"0";"0";"0";"0";"0";"0";"0";"0";"0";"0";"0";"0";"0"
"281";"431320";"2015";"MUNICIPIO";"149";"0";"1";"0";"0";"0";"0";"2";"0";"0";"0";"1";"0";"1";"1";"0";"0";"1";"0";"0";"0"
"282";"431330";"2015";"MUNICIPIO";"157";"0";"1";"0";"0";"0";"0";"2";"0";"0";"0";"0";"0";"0";"0";"0";"0";"0";"0";"0";"0"
"283";"431333";"2015";"MUNICIPIO";"20";"0";"1";"0";"0";"0";"0";"1";"0";"0";"0";"0";"0";"0";"0";"0";"0";"0";"0";"0";"0"
"284";"431335";"2015";"MUNICIPIO";"25";"0";"1";"0";"0";"0";"0";"0";"0";"0";"0";"0";"0";"0";"0";"0";"0";"0";"0";"0";"0"
"285";"431337";"2015";"MUNICIPIO";"154";"0";"2";"0";"0";"0";"0";"5";"0";"0";"0";"0";"0";"0";"0";"0";"0";"0";"0";"0";"0"
"286";"431339";"2015";"MUNICIPIO";"33";"0";"0";"0";"0";"0";"0";"0";"0";"0";"0";"0";"0";"0";"0";"0";"0";"0";"0";"0";"0"
"287";"431340";"2015";"MUNICIPIO";"1710";"0";"26";"0";"1";"0";"0";"31";"0";"0";"0";"0";"0";"0";"0";"0";"0";"0";"0";"0";"0"
"288";"431342";"2015";"MUNICIPIO";"37";"0";"0";"0";"0";"0";"0";"0";"0";"0";"0";"0";"0";"0";"0";"0";"0";"0";"0";"0";"0"
"289";"431344";"2015";"MUNICIPIO";"19";"0";"0";"0";"0";"0";"0";"0";"0";"0";"0";"0";"0";"0";"0";"0";"0";"0";"0";"0";"0"
"290";"431346";"2015";"MUNICIPIO";"13";"0";"0";"0";"0";"0";"0";"0";"0";"0";"0";"0";"0";"0";"0";"0";"0";"0";"0";"0";"0"
"291";"431349";"2015";"MUNICIPIO";"25";"0";"1";"0";"0";"0";"0";"1";"0";"0";"0";"0";"0";"0";"0";"0";"0";"0";"0";"0";"0"
"292";"431350";"2015";"MUNICIPIO";"357";"0";"8";"0";"0";"0";"0";"8";"0";"0";"0";"0";"0";"0";"0";"0";"0";"0";"0";"0";"0"
"293";"431360";"2015";"MUNICIPIO";"30";"0";"0";"0";"0";"0";"0";"0";"0";"0";"0";"0";"0";"0";"0";"0";"0";"0";"0";"0";"0"
"294";"431365";"2015";"MUNICIPIO";"89";"0";"2";"0";"1";"0";"0";"3";"0";"0";"0";"0";"0";"0";"0";"0";"0";"0";"0";"0";"0"
"295";"431370";"2015";"MUNICIPIO";"218";"0";"3";"0";"0";"0";"0";"4";"0";"0";"0";"0";"0";"0";"0";"0";"0";"0";"0";"0";"0"
"296";"431380";"2015";"MUNICIPIO";"52";"0";"1";"0";"0";"0";"0";"1";"0";"0";"0";"0";"0";"0";"0";"0";"0";"0";"0";"0";"0"
"297";"431390";"2015";"MUNICIPIO";"246";"0";"1";"0";"0";"0";"0";"5";"0";"1";"0";"0";"0";"0";"0";"0";"0";"0";"0";"0";"0"
"298";"431395";"2015";"MUNICIPIO";"100";"0";"0";"0";"0";"0";"0";"1";"0";"0";"0";"0";"0";"0";"0";"0";"0";"0";"0";"0";"0"
"299";"431400";"2015";"MUNICIPIO";"42";"0";"0";"0";"0";"0";"0";"0";"0";"0";"0";"0";"0";"0";"0";"0";"0";"0";"0";"0";"0"
"300";"431402";"2015";"MUNICIPIO";"69";"0";"2";"0";"0";"0";"0";"1";"0";"0";"0";"0";"0";"0";"0";"0";"0";"0";"0";"0";"0"
"301";"431403";"2015";"MUNICIPIO";"31";"0";"0";"0";"0";"0";"0";"0";"0";"0";"0";"0";"0";"0";"0";"0";"0";"0";"0";"0";"0"
"302";"431405";"2015";"MUNICIPIO";"341";"0";"9";"0";"0";"0";"0";"12";"0";"0";"1";"0";"0";"1";"1";"0";"0";"1";"0";"0";"0"
"303";"431406";"2015";"MUNICIPIO";"36";"0";"1";"0";"0";"0";"0";"2";"0";"0";"0";"0";"0";"0";"0";"0";"0";"0";"0";"0";"0"
"304";"431407";"2015";"MUNICIPIO";"45";"0";"0";"0";"0";"0";"0";"0";"0";"0";"0";"0";"0";"0";"0";"0";"0";"0";"0";"0";"0"
"305";"431410";"2015";"MUNICIPIO";"1372";"0";"17";"1";"0";"0";"0";"25";"0";"0";"0";"0";"0";"0";"0";"0";"0";"0";"0";"0";"0"
"306";"431413";"2015";"MUNICIPIO";"15";"0";"0";"0";"0";"0";"0";"0";"0";"0";"0";"0";"0";"0";"0";"0";"0";"0";"0";"0";"0"
"307";"431415";"2015";"MUNICIPIO";"63";"0";"0";"0";"0";"0";"0";"0";"0";"0";"0";"0";"0";"0";"0";"0";"0";"0";"0";"0";"0"
"308";"431417";"2015";"MUNICIPIO";"11";"0";"0";"0";"0";"0";"0";"1";"0";"0";"0";"0";"0";"0";"0";"0";"0";"0";"0";"0";"0"
"309";"431420";"2015";"MUNICIPIO";"78";"0";"0";"2";"0";"0";"0";"2";"0";"0";"0";"0";"0";"0";"0";"0";"0";"0";"0";"0";"0"
"310";"431430";"2015";"MUNICIPIO";"27";"0";"0";"0";"0";"0";"0";"0";"0";"0";"0";"0";"0";"0";"0";"0";"0";"0";"0";"0";"0"
"311";"431440";"2015";"MUNICIPIO";"3203";"5";"30";"6";"7";"0";"0";"64";"5";"4";"1";"1";"0";"7";"7";"1";"0";"1";"1";"0";"0"
"312";"431442";"2015";"MUNICIPIO";"41";"0";"0";"0";"0";"0";"0";"0";"0";"0";"0";"0";"0";"0";"0";"0";"0";"0";"0";"0";"0"
"313";"431445";"2015";"MUNICIPIO";"9";"0";"0";"0";"0";"0";"0";"0";"0";"0";"0";"0";"0";"0";"0";"0";"0";"0";"0";"0";"0"
"314";"431446";"2015";"MUNICIPIO";"12";"0";"0";"0";"0";"0";"0";"0";"0";"0";"0";"0";"0";"0";"0";"0";"0";"0";"0";"0";"0"
"315";"431447";"2015";"MUNICIPIO";"27";"0";"0";"0";"0";"0";"0";"0";"0";"0";"0";"0";"0";"0";"0";"0";"0";"0";"0";"0";"0"
"316";"431449";"2015";"MUNICIPIO";"37";"0";"0";"0";"0";"0";"0";"1";"0";"0";"0";"0";"0";"0";"0";"0";"0";"0";"0";"0";"0"
"317";"431450";"2015";"MUNICIPIO";"149";"0";"1";"0";"1";"0";"0";"5";"0";"0";"0";"0";"0";"0";"0";"0";"0";"0";"0";"0";"0"
"318";"431454";"2015";"MUNICIPIO";"15";"0";"0";"0";"0";"0";"0";"0";"0";"0";"0";"0";"0";"0";"0";"0";"0";"0";"0";"0";"0"
"319";"431455";"2015";"MUNICIPIO";"19";"0";"0";"0";"0";"0";"0";"0";"0";"0";"0";"0";"0";"0";"0";"0";"0";"0";"0";"0";"0"
"320";"431460";"2015";"MUNICIPIO";"185";"0";"4";"0";"0";"0";"0";"4";"0";"0";"0";"0";"0";"0";"0";"0";"0";"0";"0";"0";"0"
"321";"431470";"2015";"MUNICIPIO";"86";"0";"2";"0";"0";"0";"0";"2";"0";"0";"0";"0";"0";"0";"0";"0";"0";"0";"0";"0";"0"
"322";"431475";"2015";"MUNICIPIO";"16";"0";"0";"0";"0";"0";"0";"1";"0";"0";"0";"0";"0";"0";"0";"0";"0";"0";"0";"0";"0"
"323";"431477";"2015";"MUNICIPIO";"22";"0";"1";"0";"0";"0";"0";"1";"0";"0";"0";"0";"0";"0";"0";"0";"0";"0";"0";"0";"0"
"324";"431478";"2015";"MUNICIPIO";"18";"0";"0";"0";"0";"0";"0";"0";"0";"0";"0";"0";"0";"0";"0";"0";"0";"0";"0";"0";"0"
"325";"431480";"2015";"MUNICIPIO";"224";"0";"1";"0";"0";"0";"0";"5";"0";"0";"0";"0";"0";"0";"0";"0";"0";"0";"0";"0";"0"
"326";"431490";"2015";"MUNICIPIO";"11328";"2";"101";"13";"8";"0";"0";"183";"2";"4";"0";"5";"0";"7";"7";"2";"1";"3";"0";"1";"0"
"327";"431500";"2015";"MUNICIPIO";"40";"0";"0";"0";"0";"0";"0";"0";"0";"0";"0";"0";"0";"0";"0";"0";"0";"0";"0";"0";"0"
"328";"431505";"2015";"MUNICIPIO";"23";"0";"0";"0";"0";"0";"0";"0";"0";"0";"0";"0";"0";"0";"0";"0";"0";"0";"0";"0";"0"
"329";"431507";"2015";"MUNICIPIO";"15";"0";"0";"0";"0";"0";"0";"0";"0";"0";"0";"0";"0";"0";"0";"0";"0";"0";"0";"0";"0"
"330";"431510";"2015";"MUNICIPIO";"108";"0";"1";"0";"0";"0";"0";"0";"0";"0";"0";"0";"0";"0";"0";"0";"0";"0";"0";"0";"0"
"331";"431513";"2015";"MUNICIPIO";"19";"0";"0";"0";"0";"0";"0";"0";"0";"0";"0";"0";"0";"0";"0";"0";"0";"0";"0";"0";"0"
"332";"431514";"2015";"MUNICIPIO";"26";"0";"0";"0";"0";"0";"0";"0";"0";"0";"0";"0";"0";"0";"0";"0";"0";"0";"0";"0";"0"
"333";"431515";"2015";"MUNICIPIO";"58";"0";"0";"0";"0";"0";"0";"0";"0";"0";"0";"0";"0";"0";"0";"0";"0";"0";"0";"0";"0"
"334";"431517";"2015";"MUNICIPIO";"14";"0";"0";"0";"0";"0";"0";"0";"0";"0";"0";"0";"0";"0";"0";"0";"0";"0";"0";"0";"0"
"335";"431520";"2015";"MUNICIPIO";"43";"0";"0";"0";"0";"0";"0";"0";"0";"0";"0";"0";"0";"0";"0";"0";"0";"0";"0";"0";"0"
"336";"431530";"2015";"MUNICIPIO";"212";"0";"3";"0";"0";"0";"0";"2";"0";"0";"0";"0";"0";"0";"0";"0";"0";"0";"0";"0";"0"
"337";"431531";"2015";"MUNICIPIO";"12";"0";"0";"0";"0";"0";"0";"0";"0";"0";"0";"0";"0";"0";"0";"0";"0";"0";"0";"0";"0"
"338";"431532";"2015";"MUNICIPIO";"15";"0";"0";"0";"0";"0";"0";"0";"0";"0";"0";"0";"0";"0";"0";"0";"0";"0";"0";"0";"0"
"339";"431535";"2015";"MUNICIPIO";"43";"0";"1";"0";"0";"0";"0";"1";"0";"0";"0";"0";"0";"0";"0";"0";"0";"0";"0";"0";"0"
"340";"431540";"2015";"MUNICIPIO";"54";"0";"0";"0";"0";"0";"0";"1";"0";"0";"0";"0";"0";"0";"0";"0";"0";"0";"0";"0";"0"
"341";"431545";"2015";"MUNICIPIO";"19";"0";"0";"0";"0";"0";"0";"0";"0";"0";"0";"0";"0";"0";"0";"0";"0";"0";"0";"0";"0"
"342";"431550";"2015";"MUNICIPIO";"133";"0";"0";"0";"0";"0";"0";"0";"0";"0";"0";"0";"0";"0";"0";"0";"0";"0";"0";"0";"0"
"343";"431555";"2015";"MUNICIPIO";"22";"0";"0";"0";"0";"0";"0";"0";"0";"0";"0";"0";"0";"0";"0";"0";"0";"0";"0";"0";"0"
"344";"431560";"2015";"MUNICIPIO";"1771";"0";"23";"1";"4";"0";"0";"30";"0";"1";"0";"1";"0";"1";"1";"0";"0";"0";"1";"0";"0"
"345";"431570";"2015";"MUNICIPIO";"313";"0";"6";"0";"0";"0";"0";"9";"0";"0";"0";"0";"0";"0";"0";"0";"0";"0";"0";"0";"0"
"346";"431575";"2015";"MUNICIPIO";"32";"0";"0";"0";"0";"0";"0";"0";"0";"0";"0";"0";"0";"0";"0";"0";"0";"0";"0";"0";"0"
"347";"431580";"2015";"MUNICIPIO";"90";"0";"0";"0";"0";"0";"0";"0";"0";"0";"0";"0";"0";"0";"0";"0";"0";"0";"0";"0";"0"
"348";"431590";"2015";"MUNICIPIO";"31";"0";"0";"0";"0";"0";"0";"1";"0";"0";"0";"0";"0";"0";"0";"0";"0";"0";"0";"0";"0"
"349";"431595";"2015";"MUNICIPIO";"19";"0";"0";"0";"0";"0";"0";"0";"0";"0";"0";"0";"0";"0";"0";"0";"0";"0";"0";"0";"0"
"350";"431600";"2015";"MUNICIPIO";"166";"0";"2";"0";"0";"0";"0";"3";"0";"0";"0";"0";"0";"0";"0";"0";"0";"0";"0";"0";"0"
"351";"431610";"2015";"MUNICIPIO";"63";"0";"1";"0";"0";"0";"0";"1";"0";"0";"0";"0";"0";"0";"0";"0";"0";"0";"0";"0";"0"
"352";"431620";"2015";"MUNICIPIO";"48";"0";"0";"0";"0";"0";"0";"0";"0";"0";"0";"0";"0";"0";"0";"0";"0";"0";"0";"0";"0"
"353";"431630";"2015";"MUNICIPIO";"62";"0";"1";"0";"0";"0";"0";"2";"0";"0";"0";"0";"0";"0";"0";"0";"0";"0";"0";"0";"0"
"354";"431640";"2015";"MUNICIPIO";"364";"0";"4";"0";"0";"0";"0";"6";"0";"0";"0";"0";"0";"0";"0";"0";"0";"0";"0";"0";"0"
"355";"431642";"2015";"MUNICIPIO";"18";"0";"0";"0";"0";"0";"0";"0";"0";"0";"0";"0";"0";"0";"0";"0";"0";"0";"0";"0";"0"
"356";"431643";"2015";"MUNICIPIO";"27";"0";"0";"0";"0";"0";"0";"0";"0";"0";"0";"0";"0";"0";"0";"0";"0";"0";"0";"0";"0"
"357";"431645";"2015";"MUNICIPIO";"84";"0";"1";"0";"1";"0";"0";"2";"0";"0";"0";"0";"0";"0";"0";"0";"0";"0";"0";"0";"0"
"358";"431647";"2015";"MUNICIPIO";"19";"0";"0";"0";"0";"0";"0";"0";"0";"0";"0";"0";"0";"0";"0";"0";"0";"0";"0";"0";"0"
"359";"431650";"2015";"MUNICIPIO";"39";"0";"0";"0";"0";"0";"0";"0";"0";"0";"0";"0";"0";"0";"0";"0";"0";"0";"0";"0";"0"
"360";"431660";"2015";"MUNICIPIO";"130";"0";"0";"0";"0";"0";"0";"1";"0";"0";"0";"0";"0";"0";"0";"0";"0";"0";"0";"0";"0"
"361";"431670";"2015";"MUNICIPIO";"74";"0";"1";"0";"0";"0";"0";"3";"0";"0";"0";"0";"0";"0";"0";"0";"0";"0";"0";"0";"0"
"362";"431673";"2015";"MUNICIPIO";"10";"0";"0";"0";"0";"0";"0";"0";"0";"0";"0";"0";"0";"0";"0";"0";"0";"0";"0";"0";"0"
"363";"431675";"2015";"MUNICIPIO";"39";"0";"0";"0";"0";"0";"0";"1";"0";"0";"0";"0";"0";"0";"0";"0";"0";"0";"0";"0";"0"
"364";"431680";"2015";"MUNICIPIO";"906";"0";"6";"0";"1";"0";"0";"12";"0";"0";"0";"0";"0";"0";"0";"0";"0";"0";"0";"0";"0"
"365";"431690";"2015";"MUNICIPIO";"1962";"3";"19";"1";"1";"0";"0";"30";"1";"2";"0";"1";"0";"2";"2";"0";"0";"2";"0";"0";"0"
"366";"431695";"2015";"MUNICIPIO";"37";"0";"0";"0";"0";"0";"0";"0";"0";"0";"0";"0";"0";"0";"0";"0";"0";"0";"0";"0";"0"
"367";"431697";"2015";"MUNICIPIO";"18";"0";"1";"0";"0";"0";"0";"1";"0";"0";"0";"0";"0";"0";"0";"0";"0";"0";"0";"0";"0"
"368";"431700";"2015";"MUNICIPIO";"69";"0";"1";"1";"0";"0";"0";"1";"0";"0";"0";"0";"0";"0";"0";"0";"0";"0";"0";"0";"0"
"369";"431710";"2015";"MUNICIPIO";"732";"0";"2";"0";"1";"0";"0";"10";"0";"0";"0";"1";"0";"1";"1";"0";"0";"0";"0";"0";"0"
"370";"431720";"2015";"MUNICIPIO";"532";"0";"12";"0";"0";"0";"0";"11";"1";"1";"0";"0";"0";"1";"1";"0";"0";"0";"0";"0";"0"
"371";"431725";"2015";"MUNICIPIO";"18";"0";"0";"0";"0";"0";"0";"0";"0";"0";"0";"0";"0";"0";"0";"0";"0";"0";"0";"0";"0"
"372";"431730";"2015";"MUNICIPIO";"264";"0";"1";"0";"0";"0";"0";"3";"0";"0";"0";"0";"0";"0";"0";"0";"0";"0";"0";"0";"0"
"373";"431740";"2015";"MUNICIPIO";"397";"0";"5";"0";"0";"0";"0";"6";"0";"0";"0";"0";"0";"0";"0";"0";"0";"0";"0";"0";"0"
"374";"431750";"2015";"MUNICIPIO";"565";"0";"4";"0";"1";"0";"0";"12";"0";"0";"0";"0";"0";"0";"0";"0";"0";"0";"0";"0";"0"
"375";"431755";"2015";"MUNICIPIO";"16";"0";"0";"0";"0";"0";"0";"0";"0";"0";"0";"0";"0";"0";"0";"0";"0";"0";"0";"0";"0"
"376";"431760";"2015";"MUNICIPIO";"313";"0";"2";"0";"1";"0";"0";"2";"0";"0";"0";"0";"0";"0";"0";"0";"0";"0";"0";"0";"0"
"377";"431770";"2015";"MUNICIPIO";"91";"0";"0";"0";"0";"0";"0";"0";"0";"0";"0";"0";"0";"0";"0";"0";"0";"0";"0";"0";"0"
"378";"431775";"2015";"MUNICIPIO";"16";"0";"0";"0";"0";"0";"0";"0";"0";"0";"0";"0";"0";"0";"0";"0";"0";"0";"0";"0";"0"
"379";"431780";"2015";"MUNICIPIO";"88";"0";"2";"0";"0";"0";"0";"3";"0";"0";"0";"0";"0";"0";"0";"0";"0";"0";"0";"0";"0"
"380";"431790";"2015";"MUNICIPIO";"101";"0";"2";"0";"0";"0";"0";"2";"0";"0";"0";"0";"0";"0";"0";"0";"0";"0";"0";"0";"0"
"381";"431795";"2015";"MUNICIPIO";"12";"0";"0";"0";"0";"0";"0";"0";"0";"0";"0";"0";"0";"0";"0";"0";"0";"0";"0";"0";"0"
"382";"431800";"2015";"MUNICIPIO";"483";"0";"7";"0";"0";"0";"0";"9";"0";"1";"0";"0";"0";"0";"0";"0";"0";"0";"0";"0";"0"
"383";"431805";"2015";"MUNICIPIO";"17";"0";"0";"0";"0";"0";"0";"0";"0";"0";"0";"0";"0";"0";"0";"0";"0";"0";"0";"0";"0"
"384";"431810";"2015";"MUNICIPIO";"161";"0";"0";"0";"0";"0";"0";"1";"0";"0";"0";"0";"0";"0";"0";"0";"0";"0";"0";"0";"0"
"385";"431820";"2015";"MUNICIPIO";"156";"0";"3";"0";"0";"0";"0";"3";"0";"0";"0";"0";"0";"0";"0";"0";"0";"0";"0";"0";"0"
"386";"431830";"2015";"MUNICIPIO";"509";"0";"4";"1";"1";"0";"0";"8";"0";"0";"0";"1";"0";"1";"1";"0";"0";"1";"0";"0";"0"
"387";"431840";"2015";"MUNICIPIO";"181";"0";"3";"0";"0";"0";"0";"0";"0";"0";"0";"0";"0";"0";"0";"0";"0";"0";"0";"0";"0"
"388";"431842";"2015";"MUNICIPIO";"29";"0";"0";"0";"0";"0";"0";"0";"0";"0";"0";"0";"0";"0";"0";"0";"0";"0";"0";"0";"0"
"389";"431843";"2015";"MUNICIPIO";"23";"0";"0";"0";"0";"0";"0";"1";"0";"0";"0";"0";"0";"0";"0";"0";"0";"0";"0";"0";"0"
"390";"431844";"2015";"MUNICIPIO";"19";"0";"0";"0";"0";"0";"0";"1";"0";"0";"0";"0";"0";"0";"0";"0";"0";"0";"0";"0";"0"
"391";"431845";"2015";"MUNICIPIO";"16";"0";"1";"0";"0";"0";"0";"1";"0";"0";"0";"0";"0";"0";"0";"0";"0";"0";"0";"0";"0"
"392";"431846";"2015";"MUNICIPIO";"20";"0";"0";"0";"0";"0";"0";"0";"0";"0";"0";"0";"0";"0";"0";"0";"0";"0";"0";"0";"0"
"393";"431848";"2015";"MUNICIPIO";"28";"0";"0";"0";"0";"0";"0";"0";"0";"0";"0";"0";"0";"0";"0";"0";"0";"0";"0";"0";"0"
"394";"431849";"2015";"MUNICIPIO";"26";"0";"0";"0";"0";"0";"0";"0";"0";"0";"0";"0";"0";"0";"0";"0";"0";"0";"0";"0";"0"
"395";"431850";"2015";"MUNICIPIO";"206";"0";"0";"0";"0";"0";"0";"0";"0";"0";"0";"0";"0";"0";"0";"0";"0";"0";"0";"0";"0"
"396";"431860";"2015";"MUNICIPIO";"57";"0";"2";"0";"0";"0";"0";"2";"0";"0";"0";"0";"0";"0";"0";"0";"0";"0";"0";"0";"0"
"397";"431861";"2015";"MUNICIPIO";"18";"0";"0";"0";"0";"0";"0";"0";"0";"0";"0";"0";"0";"0";"0";"0";"0";"0";"0";"0";"0"
"398";"431862";"2015";"MUNICIPIO";"19";"0";"0";"0";"0";"0";"0";"0";"0";"0";"0";"0";"0";"0";"0";"0";"0";"0";"0";"0";"0"
"399";"431870";"2015";"MUNICIPIO";"1562";"0";"29";"3";"1";"0";"1";"37";"0";"2";"0";"0";"0";"0";"0";"0";"0";"0";"0";"0";"0"
"400";"431880";"2015";"MUNICIPIO";"381";"0";"3";"0";"0";"0";"0";"5";"0";"0";"0";"0";"0";"0";"0";"0";"0";"0";"0";"0";"0"
"401";"431890";"2015";"MUNICIPIO";"291";"0";"1";"0";"0";"0";"0";"6";"0";"0";"0";"0";"0";"0";"0";"0";"0";"0";"0";"0";"0"
"402";"431900";"2015";"MUNICIPIO";"143";"0";"2";"0";"0";"0";"0";"5";"0";"0";"0";"0";"0";"0";"0";"0";"0";"0";"0";"0";"0"
"403";"431910";"2015";"MUNICIPIO";"34";"0";"0";"0";"0";"0";"0";"1";"0";"0";"0";"0";"0";"0";"0";"0";"0";"0";"0";"0";"0"
"404";"431912";"2015";"MUNICIPIO";"21";"0";"0";"0";"0";"0";"0";"0";"0";"0";"0";"0";"0";"0";"0";"0";"0";"0";"0";"0";"0"
"405";"431915";"2015";"MUNICIPIO";"61";"0";"0";"0";"0";"0";"0";"0";"0";"0";"0";"0";"0";"0";"0";"0";"0";"0";"0";"0";"0"
"406";"431920";"2015";"MUNICIPIO";"35";"0";"0";"0";"0";"0";"0";"0";"0";"1";"0";"0";"0";"0";"0";"0";"0";"0";"0";"0";"0"
"407";"431930";"2015";"MUNICIPIO";"59";"0";"2";"0";"1";"0";"0";"3";"0";"0";"0";"0";"0";"0";"0";"0";"0";"0";"0";"0";"0"
"408";"431935";"2015";"MUNICIPIO";"23";"0";"0";"0";"0";"0";"0";"0";"0";"0";"0";"0";"0";"0";"0";"0";"0";"0";"0";"0";"0"
"409";"431936";"2015";"MUNICIPIO";"18";"0";"0";"0";"0";"0";"0";"0";"0";"0";"0";"0";"0";"0";"0";"0";"0";"0";"0";"0";"0"
"410";"431937";"2015";"MUNICIPIO";"29";"0";"0";"0";"0";"0";"0";"0";"0";"0";"0";"0";"0";"0";"0";"0";"0";"0";"0";"0";"0"
"411";"431940";"2015";"MUNICIPIO";"133";"0";"1";"0";"0";"0";"0";"1";"0";"0";"0";"0";"0";"0";"0";"0";"0";"0";"0";"0";"0"
"412";"431950";"2015";"MUNICIPIO";"180";"0";"1";"0";"0";"0";"0";"0";"0";"1";"1";"0";"0";"1";"1";"0";"0";"1";"0";"0";"0"
"413";"431960";"2015";"MUNICIPIO";"210";"0";"0";"0";"1";"0";"0";"1";"0";"0";"0";"0";"0";"0";"0";"0";"0";"0";"0";"0";"0"
"414";"431970";"2015";"MUNICIPIO";"32";"0";"0";"0";"0";"0";"0";"0";"0";"0";"0";"0";"0";"0";"0";"0";"0";"0";"0";"0";"0"
"415";"431971";"2015";"MUNICIPIO";"17";"0";"0";"0";"0";"0";"0";"0";"0";"0";"0";"0";"0";"0";"0";"0";"0";"0";"0";"0";"0"
"416";"431973";"2015";"MUNICIPIO";"13";"0";"0";"0";"0";"0";"0";"2";"0";"0";"0";"0";"0";"0";"0";"0";"0";"0";"0";"0";"0"
"417";"431975";"2015";"MUNICIPIO";"20";"0";"0";"0";"0";"0";"0";"0";"0";"0";"0";"0";"0";"0";"0";"0";"0";"0";"0";"0";"0"
"418";"431980";"2015";"MUNICIPIO";"74";"0";"1";"0";"0";"0";"0";"2";"0";"0";"0";"0";"0";"0";"0";"0";"0";"0";"0";"0";"0"
"419";"431990";"2015";"MUNICIPIO";"433";"1";"9";"0";"0";"0";"0";"10";"0";"1";"0";"1";"1";"2";"2";"2";"0";"0";"0";"0";"0"
"420";"432000";"2015";"MUNICIPIO";"921";"1";"8";"1";"1";"0";"0";"19";"1";"1";"0";"2";"0";"3";"3";"1";"0";"1";"0";"0";"0"
"421";"432010";"2015";"MUNICIPIO";"122";"0";"0";"0";"0";"0";"0";"2";"0";"0";"0";"0";"0";"0";"0";"0";"0";"0";"0";"0";"0"
"422";"432020";"2015";"MUNICIPIO";"85";"0";"3";"0";"0";"0";"0";"4";"0";"0";"0";"0";"0";"0";"0";"0";"0";"0";"0";"0";"0"
"423";"432023";"2015";"MUNICIPIO";"28";"0";"0";"0";"0";"0";"0";"0";"0";"0";"0";"0";"0";"0";"0";"0";"0";"0";"0";"0";"0"
"424";"432026";"2015";"MUNICIPIO";"50";"0";"0";"0";"0";"0";"0";"0";"0";"0";"0";"0";"0";"0";"0";"0";"0";"0";"0";"0";"0"
"425";"432030";"2015";"MUNICIPIO";"34";"0";"0";"0";"0";"0";"0";"1";"0";"0";"0";"0";"0";"0";"0";"0";"0";"0";"0";"0";"0"
"426";"432032";"2015";"MUNICIPIO";"27";"0";"0";"0";"0";"0";"0";"0";"0";"0";"0";"0";"0";"0";"0";"0";"0";"0";"0";"0";"0"
"427";"432035";"2015";"MUNICIPIO";"57";"0";"1";"0";"0";"0";"0";"0";"0";"0";"0";"0";"0";"0";"0";"0";"0";"0";"0";"0";"0"
"428";"432040";"2015";"MUNICIPIO";"91";"0";"3";"0";"0";"0";"0";"3";"0";"0";"0";"0";"0";"0";"0";"0";"0";"0";"0";"0";"0"
"429";"432045";"2015";"MUNICIPIO";"23";"0";"1";"0";"0";"0";"0";"3";"0";"0";"0";"0";"0";"0";"0";"0";"0";"0";"0";"0";"0"
"430";"432050";"2015";"MUNICIPIO";"56";"0";"0";"0";"0";"0";"0";"0";"0";"0";"0";"0";"0";"0";"0";"0";"0";"0";"0";"0";"0"
"431";"432055";"2015";"MUNICIPIO";"46";"0";"0";"0";"0";"0";"0";"0";"0";"0";"0";"0";"0";"0";"0";"0";"0";"0";"0";"0";"0"
"432";"432057";"2015";"MUNICIPIO";"14";"0";"0";"0";"0";"0";"0";"0";"0";"0";"0";"0";"0";"0";"0";"0";"0";"0";"0";"0";"0"
"433";"432060";"2015";"MUNICIPIO";"25";"0";"0";"0";"0";"0";"0";"1";"0";"0";"0";"0";"0";"0";"0";"0";"0";"0";"0";"0";"0"
"434";"432065";"2015";"MUNICIPIO";"24";"0";"0";"0";"0";"0";"0";"0";"0";"0";"0";"0";"0";"0";"0";"0";"0";"0";"0";"0";"0"
"435";"432067";"2015";"MUNICIPIO";"76";"0";"0";"0";"0";"0";"0";"0";"0";"0";"0";"0";"0";"0";"0";"0";"0";"0";"0";"0";"0"
"436";"432070";"2015";"MUNICIPIO";"124";"0";"0";"0";"1";"0";"0";"1";"0";"0";"0";"0";"0";"0";"0";"0";"0";"0";"0";"0";"0"
"437";"432080";"2015";"MUNICIPIO";"239";"0";"0";"0";"1";"0";"0";"2";"0";"0";"0";"0";"0";"0";"0";"0";"0";"0";"0";"0";"0"
"438";"432085";"2015";"MUNICIPIO";"29";"0";"1";"0";"0";"0";"0";"0";"0";"0";"0";"0";"0";"0";"0";"0";"0";"0";"0";"0";"0"
"439";"432090";"2015";"MUNICIPIO";"145";"0";"4";"0";"0";"0";"0";"6";"0";"0";"0";"1";"0";"1";"1";"1";"0";"0";"0";"0";"0"
"440";"432100";"2015";"MUNICIPIO";"67";"0";"0";"0";"0";"0";"0";"0";"0";"1";"0";"0";"0";"0";"0";"0";"0";"0";"0";"0";"0"
"441";"432110";"2015";"MUNICIPIO";"143";"0";"1";"0";"0";"0";"0";"2";"0";"0";"0";"0";"0";"0";"0";"0";"0";"0";"0";"0";"0"
"442";"432120";"2015";"MUNICIPIO";"448";"0";"0";"0";"0";"0";"0";"0";"0";"0";"0";"0";"0";"0";"0";"0";"0";"0";"0";"0";"0"
"443";"432130";"2015";"MUNICIPIO";"225";"0";"3";"0";"0";"0";"0";"4";"0";"0";"0";"0";"0";"0";"0";"0";"0";"0";"0";"0";"0"
"444";"432132";"2015";"MUNICIPIO";"25";"0";"0";"0";"0";"0";"0";"0";"0";"0";"0";"0";"0";"0";"0";"0";"0";"0";"0";"0";"0"
"445";"432135";"2015";"MUNICIPIO";"48";"0";"0";"0";"0";"0";"0";"0";"0";"0";"0";"0";"0";"0";"0";"0";"0";"0";"0";"0";"0"
"446";"432140";"2015";"MUNICIPIO";"96";"0";"1";"0";"0";"0";"0";"2";"0";"0";"0";"0";"0";"0";"0";"0";"0";"0";"0";"0";"0"
"447";"432143";"2015";"MUNICIPIO";"73";"0";"0";"0";"1";"0";"0";"0";"0";"0";"0";"0";"0";"0";"0";"0";"0";"0";"0";"0";"0"
"448";"432145";"2015";"MUNICIPIO";"187";"0";"2";"0";"0";"0";"0";"2";"0";"0";"0";"1";"0";"1";"1";"0";"0";"0";"0";"0";"0"
"449";"432146";"2015";"MUNICIPIO";"17";"0";"0";"0";"0";"0";"0";"0";"0";"0";"0";"0";"0";"0";"0";"0";"0";"0";"0";"0";"0"
"450";"432147";"2015";"MUNICIPIO";"57";"0";"1";"0";"0";"0";"0";"1";"0";"0";"0";"0";"0";"0";"0";"0";"0";"0";"0";"0";"0"
"451";"432149";"2015";"MUNICIPIO";"25";"0";"0";"0";"0";"0";"0";"0";"0";"0";"0";"0";"0";"0";"0";"0";"0";"0";"0";"0";"0"
"452";"432150";"2015";"MUNICIPIO";"276";"0";"1";"0";"0";"1";"0";"2";"0";"0";"0";"1";"0";"1";"1";"0";"0";"1";"0";"0";"0"
"453";"432160";"2015";"MUNICIPIO";"392";"0";"8";"0";"0";"0";"0";"15";"0";"0";"0";"0";"0";"0";"0";"0";"0";"0";"0";"0";"0"
"454";"432162";"2015";"MUNICIPIO";"21";"0";"0";"0";"0";"0";"0";"0";"0";"0";"0";"0";"0";"0";"0";"0";"0";"0";"0";"0";"0"
"455";"432163";"2015";"MUNICIPIO";"15";"0";"0";"0";"0";"0";"0";"0";"0";"0";"0";"0";"0";"0";"0";"0";"0";"0";"0";"0";"0"
"456";"432166";"2015";"MUNICIPIO";"60";"0";"0";"0";"0";"0";"0";"0";"0";"0";"0";"0";"0";"0";"0";"0";"0";"0";"0";"0";"0"
"457";"432170";"2015";"MUNICIPIO";"160";"0";"4";"0";"0";"0";"0";"4";"0";"0";"0";"0";"0";"0";"0";"0";"0";"0";"0";"0";"0"
"458";"432180";"2015";"MUNICIPIO";"208";"0";"3";"0";"0";"0";"0";"5";"0";"0";"0";"0";"0";"0";"0";"0";"0";"0";"0";"0";"0"
"459";"432183";"2015";"MUNICIPIO";"17";"0";"0";"0";"0";"0";"0";"0";"0";"0";"0";"0";"0";"0";"0";"0";"0";"0";"0";"0";"0"
"460";"432185";"2015";"MUNICIPIO";"23";"0";"0";"0";"0";"0";"0";"0";"0";"0";"0";"0";"0";"0";"0";"0";"0";"0";"0";"0";"0"
"461";"432190";"2015";"MUNICIPIO";"204";"0";"1";"0";"0";"0";"0";"1";"0";"0";"0";"1";"0";"1";"1";"0";"0";"0";"0";"1";"0"
"462";"432195";"2015";"MUNICIPIO";"34";"0";"1";"0";"0";"0";"0";"2";"0";"0";"0";"0";"0";"0";"0";"0";"0";"0";"0";"0";"0"
"463";"432200";"2015";"MUNICIPIO";"187";"0";"5";"0";"0";"0";"0";"6";"0";"0";"0";"1";"0";"1";"1";"0";"0";"0";"0";"0";"0"
"464";"432210";"2015";"MUNICIPIO";"44";"0";"0";"0";"0";"0";"0";"0";"0";"0";"0";"0";"0";"0";"0";"0";"0";"0";"0";"0";"0"
"465";"432215";"2015";"MUNICIPIO";"28";"0";"0";"0";"0";"0";"0";"0";"0";"0";"0";"0";"0";"0";"0";"0";"0";"0";"0";"0";"0"
"466";"432218";"2015";"MUNICIPIO";"10";"0";"0";"0";"0";"0";"0";"0";"0";"0";"0";"0";"0";"0";"0";"0";"0";"0";"0";"0";"0"
"467";"432220";"2015";"MUNICIPIO";"154";"0";"1";"0";"0";"0";"0";"3";"0";"0";"0";"0";"0";"0";"0";"0";"0";"0";"0";"0";"0"
"468";"432225";"2015";"MUNICIPIO";"19";"0";"0";"0";"0";"0";"0";"2";"0";"0";"0";"0";"0";"0";"0";"0";"0";"0";"0";"0";"0"
"469";"432230";"2015";"MUNICIPIO";"79";"0";"0";"0";"0";"0";"0";"0";"0";"0";"0";"0";"0";"0";"0";"0";"0";"0";"0";"0";"0"
"470";"432232";"2015";"MUNICIPIO";"23";"0";"0";"0";"0";"0";"0";"0";"0";"0";"0";"0";"0";"0";"0";"0";"0";"0";"0";"0";"0"
"471";"432234";"2015";"MUNICIPIO";"18";"0";"0";"0";"0";"0";"0";"0";"0";"0";"0";"0";"0";"0";"0";"0";"0";"0";"0";"0";"0"
"472";"432235";"2015";"MUNICIPIO";"13";"0";"0";"0";"0";"0";"0";"0";"0";"0";"0";"0";"0";"0";"0";"0";"0";"0";"0";"0";"0"
"473";"432237";"2015";"MUNICIPIO";"18";"0";"0";"0";"0";"0";"0";"0";"0";"0";"0";"0";"0";"0";"0";"0";"0";"0";"0";"0";"0"
"474";"432240";"2015";"MUNICIPIO";"921";"1";"17";"0";"0";"0";"0";"26";"1";"3";"0";"0";"0";"1";"1";"0";"1";"0";"0";"0";"0"
"475";"432250";"2015";"MUNICIPIO";"524";"0";"9";"0";"0";"0";"0";"12";"1";"1";"0";"0";"0";"1";"1";"1";"0";"0";"0";"0";"0"
"476";"432252";"2015";"MUNICIPIO";"35";"0";"0";"0";"0";"0";"0";"1";"0";"0";"0";"0";"0";"0";"0";"0";"0";"0";"0";"0";"0"
"477";"432253";"2015";"MUNICIPIO";"98";"0";"0";"0";"0";"0";"0";"0";"0";"0";"0";"0";"0";"0";"0";"0";"0";"0";"0";"0";"0"
"478";"432254";"2015";"MUNICIPIO";"25";"0";"0";"0";"0";"0";"0";"0";"0";"0";"0";"0";"0";"0";"0";"0";"0";"0";"0";"0";"0"
"479";"432255";"2015";"MUNICIPIO";"11";"0";"0";"0";"0";"0";"0";"0";"0";"0";"0";"0";"0";"0";"0";"0";"0";"0";"0";"0";"0"
"480";"432260";"2015";"MUNICIPIO";"490";"1";"5";"0";"0";"0";"0";"10";"2";"1";"0";"1";"0";"3";"3";"0";"0";"2";"1";"0";"0"
"481";"432270";"2015";"MUNICIPIO";"199";"0";"1";"0";"0";"0";"0";"4";"0";"0";"0";"0";"0";"0";"0";"0";"0";"0";"0";"0";"0"
"482";"432280";"2015";"MUNICIPIO";"179";"0";"2";"0";"0";"0";"0";"1";"0";"0";"0";"0";"0";"0";"0";"0";"0";"0";"0";"0";"0"
"483";"432285";"2015";"MUNICIPIO";"17";"0";"0";"0";"0";"0";"0";"0";"0";"0";"0";"0";"0";"0";"0";"0";"0";"0";"0";"0";"0"
"484";"432290";"2015";"MUNICIPIO";"34";"0";"0";"0";"0";"0";"0";"0";"0";"0";"0";"0";"0";"0";"0";"0";"0";"0";"0";"0";"0"
"485";"432300";"2015";"MUNICIPIO";"1774";"1";"19";"1";"5";"0";"0";"20";"1";"2";"0";"0";"1";"2";"2";"1";"0";"1";"0";"0";"0"
"486";"432310";"2015";"MUNICIPIO";"38";"0";"0";"0";"0";"0";"0";"0";"0";"0";"0";"0";"0";"0";"0";"0";"0";"0";"0";"0";"0"
"487";"432320";"2015";"MUNICIPIO";"21";"0";"1";"0";"0";"0";"0";"1";"0";"0";"0";"0";"0";"0";"0";"0";"0";"0";"0";"0";"0"
"488";"432330";"2015";"MUNICIPIO";"24";"0";"1";"0";"0";"0";"0";"1";"0";"0";"0";"0";"0";"0";"0";"0";"0";"0";"0";"0";"0"
"489";"432335";"2015";"MUNICIPIO";"13";"0";"0";"0";"0";"0";"0";"0";"0";"0";"0";"0";"0";"0";"0";"0";"0";"0";"0";"0";"0"
"490";"432340";"2015";"MUNICIPIO";"40";"0";"0";"0";"0";"0";"0";"0";"0";"0";"0";"0";"0";"0";"0";"0";"0";"0";"0";"0";"0"
"491";"432345";"2015";"MUNICIPIO";"21";"0";"0";"0";"0";"0";"0";"0";"0";"0";"0";"0";"0";"0";"0";"0";"0";"0";"0";"0";"0"
"492";"432350";"2015";"MUNICIPIO";"14";"0";"0";"0";"0";"0";"0";"0";"0";"0";"0";"0";"0";"0";"0";"0";"0";"0";"0";"0";"0"
"493";"432360";"2015";"MUNICIPIO";"4";"0";"0";"0";"0";"0";"0";"0";"0";"0";"0";"0";"0";"0";"0";"0";"0";"0";"0";"0";"0"
"494";"432370";"2015";"MUNICIPIO";"21";"0";"0";"0";"0";"0";"0";"0";"0";"0";"0";"0";"0";"0";"0";"0";"0";"0";"0";"0";"0"
"495";"432375";"2015";"MUNICIPIO";"27";"1";"0";"0";"0";"0";"0";"0";"1";"0";"0";"0";"0";"1";"1";"1";"0";"0";"0";"0";"0"
"496";"432377";"2015";"MUNICIPIO";"24";"0";"0";"0";"0";"0";"0";"0";"0";"0";"0";"0";"0";"0";"0";"0";"0";"0";"0";"0";"0"
"497";"432380";"2015";"MUNICIPIO";"73";"0";"1";"0";"0";"0";"0";"1";"0";"0";"0";"0";"0";"0";"0";"0";"0";"0";"0";"0";"0"
"498";NA;"2015";"ESTADO";"82349";"28";"903";"49";"73";"4";"1";"1451";"29";"47";"4";"34";"2";"69";"69";"16";"5";"19";"4";"3";"0"
