"";"ANO";"NIVEL";"CODMUNRES";"POPR_RA";"POPR_RE"
"1";"2015";"MUNICIPIO";"430003";"1.565";"0"
"2";"2015";"MUNICIPIO";"430005";"1.514";"0"
"3";"2015";"MUNICIPIO";"430010";"8.002";"0"
"4";"2015";"MUNICIPIO";"430020";"4.477";"0"
"5";"2015";"MUNICIPIO";"430030";"2.494";"0"
"6";"2015";"MUNICIPIO";"430040";"69.226";"13.749"
"7";"2015";"MUNICIPIO";"430045";"4.135";"0"
"8";"2015";"MUNICIPIO";"430047";"0";"0"
"9";"2015";"MUNICIPIO";"430050";"2.751";"0"
"10";"2015";"MUNICIPIO";"430055";"754";"0"
"11";"2015";"MUNICIPIO";"430057";"3";"0"
"12";"2015";"MUNICIPIO";"430060";"206.561";"39.668"
"13";"2015";"MUNICIPIO";"430063";"1.664";"0"
"14";"2015";"MUNICIPIO";"430064";"4.328";"0"
"15";"2015";"MUNICIPIO";"430066";"0";"0"
"16";"2015";"MUNICIPIO";"430070";"3.3";"0"
"17";"2015";"MUNICIPIO";"430080";"10.119";"0"
"18";"2015";"MUNICIPIO";"430085";"3.533";"0"
"19";"2015";"MUNICIPIO";"430087";"0";"0"
"20";"2015";"MUNICIPIO";"430090";"3.226";"0"
"21";"2015";"MUNICIPIO";"430100";"13.948";"0"
"22";"2015";"MUNICIPIO";"430105";"553";"0"
"23";"2015";"MUNICIPIO";"430107";"5.616";"0"
"24";"2015";"MUNICIPIO";"430110";"14.197";"0"
"25";"2015";"MUNICIPIO";"430120";"6.715";"0"
"26";"2015";"MUNICIPIO";"430130";"16.759";"685"
"27";"2015";"MUNICIPIO";"430140";"7.369";"0"
"28";"2015";"MUNICIPIO";"430150";"7.1";"0"
"29";"2015";"MUNICIPIO";"430155";"1.518";"0"
"30";"2015";"MUNICIPIO";"430160";"101.607";"76.424"
"31";"2015";"MUNICIPIO";"430163";"7.163";"0"
"32";"2015";"MUNICIPIO";"430165";"2.52";"0"
"33";"2015";"MUNICIPIO";"430170";"4.796";"0"
"34";"2015";"MUNICIPIO";"430175";"754";"0"
"35";"2015";"MUNICIPIO";"430180";"3.236";"0"
"36";"2015";"MUNICIPIO";"430185";"2.034";"0"
"37";"2015";"MUNICIPIO";"430187";"2.685";"413"
"38";"2015";"MUNICIPIO";"430190";"10.042";"0"
"39";"2015";"MUNICIPIO";"430192";"0";"0"
"40";"2015";"MUNICIPIO";"430195";"2.497";"0"
"41";"2015";"MUNICIPIO";"430200";"4.081";"0"
"42";"2015";"MUNICIPIO";"430205";"0";"0"
"43";"2015";"MUNICIPIO";"430210";"113.287";"480"
"44";"2015";"MUNICIPIO";"430215";"0";"0"
"45";"2015";"MUNICIPIO";"430220";"5.048";"0"
"46";"2015";"MUNICIPIO";"430222";"2.35";"0"
"47";"2015";"MUNICIPIO";"430223";"764";"0"
"48";"2015";"MUNICIPIO";"430225";"0";"0"
"49";"2015";"MUNICIPIO";"430230";"8.958";"8.72"
"50";"2015";"MUNICIPIO";"430235";"9.25";"0"
"51";"2015";"MUNICIPIO";"430237";"1.453";"0"
"52";"2015";"MUNICIPIO";"430240";"9.927";"0"
"53";"2015";"MUNICIPIO";"430245";"1.911";"0"
"54";"2015";"MUNICIPIO";"430250";"3.69";"0"
"55";"2015";"MUNICIPIO";"430258";"2.208";"0"
"56";"2015";"MUNICIPIO";"430260";"2.28";"0"
"57";"2015";"MUNICIPIO";"430265";"4.928";"0"
"58";"2015";"MUNICIPIO";"430270";"21.192";"0"
"59";"2015";"MUNICIPIO";"430280";"26.791";"1.191"
"60";"2015";"MUNICIPIO";"430290";"10.243";"0"
"61";"2015";"MUNICIPIO";"430300";"73.533";"21.835"
"62";"2015";"MUNICIPIO";"430310";"125.975";"65.226"
"63";"2015";"MUNICIPIO";"430320";"1.828";"0"
"64";"2015";"MUNICIPIO";"430330";"3.442";"0"
"65";"2015";"MUNICIPIO";"430340";"2.157";"0"
"66";"2015";"MUNICIPIO";"430350";"51.718";"0"
"67";"2015";"MUNICIPIO";"430355";"2.718";"0"
"68";"2015";"MUNICIPIO";"430360";"2.879";"0"
"69";"2015";"MUNICIPIO";"430367";"688";"900"
"70";"2015";"MUNICIPIO";"430370";"2.559";"2.21"
"71";"2015";"MUNICIPIO";"430380";"4.494";"5.649"
"72";"2015";"MUNICIPIO";"430390";"50.676";"97"
"73";"2015";"MUNICIPIO";"430400";"4.398";"0"
"74";"2015";"MUNICIPIO";"430410";"2.231";"0"
"75";"2015";"MUNICIPIO";"430420";"16.184";"0"
"76";"2015";"MUNICIPIO";"430430";"2.437";"0"
"77";"2015";"MUNICIPIO";"430435";"0";"0"
"78";"2015";"MUNICIPIO";"430440";"42.411";"5.907"
"79";"2015";"MUNICIPIO";"430450";"21.212";"17.44"
"80";"2015";"MUNICIPIO";"430460";"341.343";"88.457"
"81";"2015";"MUNICIPIO";"430461";"205";"0"
"82";"2015";"MUNICIPIO";"430462";"1.598";"1.1"
"83";"2015";"MUNICIPIO";"430463";"47.066";"24.144"
"84";"2015";"MUNICIPIO";"430465";"0";"0"
"85";"2015";"MUNICIPIO";"430466";"23.017";"0"
"86";"2015";"MUNICIPIO";"430467";"2.561";"0"
"87";"2015";"MUNICIPIO";"430468";"2.749";"350"
"88";"2015";"MUNICIPIO";"430469";"3.203";"0"
"89";"2015";"MUNICIPIO";"430470";"7.863";"0"
"90";"2015";"MUNICIPIO";"430471";"62.039";"0"
"91";"2015";"MUNICIPIO";"430480";"22.398";"27.279"
"92";"2015";"MUNICIPIO";"430485";"0";"0"
"93";"2015";"MUNICIPIO";"430490";"5.516";"0"
"94";"2015";"MUNICIPIO";"430495";"1.716";"0"
"95";"2015";"MUNICIPIO";"430500";"6.321";"520"
"96";"2015";"MUNICIPIO";"430510";"467.73";"432.496"
"97";"2015";"MUNICIPIO";"430511";"2.5";"0"
"98";"2015";"MUNICIPIO";"430512";"3.659";"0"
"99";"2015";"MUNICIPIO";"430513";"3.8";"0"
"100";"2015";"MUNICIPIO";"430515";"0";"0"
"101";"2015";"MUNICIPIO";"430517";"1.807";"0"
"102";"2015";"MUNICIPIO";"430520";"11.672";"0"
"103";"2015";"MUNICIPIO";"430530";"5.379";"0"
"104";"2015";"MUNICIPIO";"430535";"38.281";"0"
"105";"2015";"MUNICIPIO";"430537";"1.55";"0"
"106";"2015";"MUNICIPIO";"430540";"2.94";"0"
"107";"2015";"MUNICIPIO";"430543";"6.351";"0"
"108";"2015";"MUNICIPIO";"430544";"363";"0"
"109";"2015";"MUNICIPIO";"430545";"14.073";"762"
"110";"2015";"MUNICIPIO";"430550";"2.616";"0"
"111";"2015";"MUNICIPIO";"430558";"0";"0"
"112";"2015";"MUNICIPIO";"430560";"1.891";"0"
"113";"2015";"MUNICIPIO";"430570";"4.685";"0"
"114";"2015";"MUNICIPIO";"430580";"7.861";"0"
"115";"2015";"MUNICIPIO";"430583";"1.562";"0"
"116";"2015";"MUNICIPIO";"430585";"2.287";"0"
"117";"2015";"MUNICIPIO";"430587";"1.5";"0"
"118";"2015";"MUNICIPIO";"430590";"5.232";"0"
"119";"2015";"MUNICIPIO";"430593";"446";"176"
"120";"2015";"MUNICIPIO";"430595";"1.96";"0"
"121";"2015";"MUNICIPIO";"430597";"2.885";"0"
"122";"2015";"MUNICIPIO";"430600";"7.939";"0"
"123";"2015";"MUNICIPIO";"430605";"5.164";"0"
"124";"2015";"MUNICIPIO";"430607";"0";"0"
"125";"2015";"MUNICIPIO";"430610";"63.776";"10.327"
"126";"2015";"MUNICIPIO";"430613";"479";"120"
"127";"2015";"MUNICIPIO";"430620";"6.695";"0"
"128";"2015";"MUNICIPIO";"430630";"2.218";"0"
"129";"2015";"MUNICIPIO";"430632";"1.212";"0"
"130";"2015";"MUNICIPIO";"430635";"0";"0"
"131";"2015";"MUNICIPIO";"430637";"1.959";"0"
"132";"2015";"MUNICIPIO";"430640";"28.543";"3.06"
"133";"2015";"MUNICIPIO";"430642";"0";"0"
"134";"2015";"MUNICIPIO";"430645";"0";"0"
"135";"2015";"MUNICIPIO";"430650";"3.18";"0"
"136";"2015";"MUNICIPIO";"430655";"35.092";"5.051"
"137";"2015";"MUNICIPIO";"430660";"0";"0"
"138";"2015";"MUNICIPIO";"430670";"2.124";"0"
"139";"2015";"MUNICIPIO";"430673";"2.225";"0"
"140";"2015";"MUNICIPIO";"430675";"690";"150"
"141";"2015";"MUNICIPIO";"430676";"27.039";"0"
"142";"2015";"MUNICIPIO";"430680";"19.53";"0"
"143";"2015";"MUNICIPIO";"430690";"17.948";"534"
"144";"2015";"MUNICIPIO";"430692";"1.396";"0"
"145";"2015";"MUNICIPIO";"430693";"5.424";"0"
"146";"2015";"MUNICIPIO";"430695";"2.296";"0"
"147";"2015";"MUNICIPIO";"430697";"2.324";"0"
"148";"2015";"MUNICIPIO";"430700";"102.345";"0"
"149";"2015";"MUNICIPIO";"430705";"0";"0"
"150";"2015";"MUNICIPIO";"430710";"2.973";"0"
"151";"2015";"MUNICIPIO";"430720";"3.042";"0"
"152";"2015";"MUNICIPIO";"430730";"2.148";"0"
"153";"2015";"MUNICIPIO";"430740";"3.245";"0"
"154";"2015";"MUNICIPIO";"430745";"11.288";"1.593"
"155";"2015";"MUNICIPIO";"430750";"5.522";"0"
"156";"2015";"MUNICIPIO";"430755";"36.506";"1.37"
"157";"2015";"MUNICIPIO";"430760";"83.984";"4.042"
"158";"2015";"MUNICIPIO";"430770";"26.816";"0"
"159";"2015";"MUNICIPIO";"430780";"3.42";"0"
"160";"2015";"MUNICIPIO";"430781";"0";"0"
"161";"2015";"MUNICIPIO";"430783";"1.459";"0"
"162";"2015";"MUNICIPIO";"430786";"63.799";"0"
"163";"2015";"MUNICIPIO";"430790";"5.017";"4.298"
"164";"2015";"MUNICIPIO";"430800";"1.573";"0"
"165";"2015";"MUNICIPIO";"430805";"0";"0"
"166";"2015";"MUNICIPIO";"430807";"11.947";"0"
"167";"2015";"MUNICIPIO";"430810";"27.634";"0"
"168";"2015";"MUNICIPIO";"430820";"1.988";"0"
"169";"2015";"MUNICIPIO";"430825";"5.072";"0"
"170";"2015";"MUNICIPIO";"430830";"3.353";"0"
"171";"2015";"MUNICIPIO";"430840";"0";"0"
"172";"2015";"MUNICIPIO";"430843";"2.904";"0"
"173";"2015";"MUNICIPIO";"430845";"28.336";"0"
"174";"2015";"MUNICIPIO";"430850";"32.172";"4.702"
"175";"2015";"MUNICIPIO";"430860";"0";"0"
"176";"2015";"MUNICIPIO";"430865";"4.165";"0"
"177";"2015";"MUNICIPIO";"430870";"5.51";"0"
"178";"2015";"MUNICIPIO";"430880";"1.677";"0"
"179";"2015";"MUNICIPIO";"430885";"15.124";"0"
"180";"2015";"MUNICIPIO";"430890";"13.854";"0"
"181";"2015";"MUNICIPIO";"430900";"3.706";"23"
"182";"2015";"MUNICIPIO";"430905";"34.605";"9.196"
"183";"2015";"MUNICIPIO";"430910";"0";"0"
"184";"2015";"MUNICIPIO";"430912";"0";"0"
"185";"2015";"MUNICIPIO";"430915";"223.819";"69.575"
"186";"2015";"MUNICIPIO";"430920";"740";"0"
"187";"2015";"MUNICIPIO";"430925";"99.029";"3.905"
"188";"2015";"MUNICIPIO";"430930";"23.195";"0"
"189";"2015";"MUNICIPIO";"430940";"5.528";"0"
"190";"2015";"MUNICIPIO";"430950";"4.57";"0"
"191";"2015";"MUNICIPIO";"430955";"4.787";"2.865"
"192";"2015";"MUNICIPIO";"430957";"0";"0"
"193";"2015";"MUNICIPIO";"430960";"16.002";"0"
"194";"2015";"MUNICIPIO";"430965";"6.434";"3.097"
"195";"2015";"MUNICIPIO";"430970";"3.362";"0"
"196";"2015";"MUNICIPIO";"430975";"4.371";"0"
"197";"2015";"MUNICIPIO";"430980";"3.208";"0"
"198";"2015";"MUNICIPIO";"430990";"4.216";"0"
"199";"2015";"MUNICIPIO";"430995";"4.162";"0"
"200";"2015";"MUNICIPIO";"431000";"16.719";"0"
"201";"2015";"MUNICIPIO";"431010";"26.4";"887"
"202";"2015";"MUNICIPIO";"431020";"80.824";"1.114"
"203";"2015";"MUNICIPIO";"431030";"2.42";"0"
"204";"2015";"MUNICIPIO";"431033";"19.993";"66"
"205";"2015";"MUNICIPIO";"431036";"2.829";"0"
"206";"2015";"MUNICIPIO";"431040";"4.216";"0"
"207";"2015";"MUNICIPIO";"431041";"2.318";"0"
"208";"2015";"MUNICIPIO";"431043";"2.743";"0"
"209";"2015";"MUNICIPIO";"431046";"0";"0"
"210";"2015";"MUNICIPIO";"431050";"5.736";"849"
"211";"2015";"MUNICIPIO";"431053";"4.57";"0"
"212";"2015";"MUNICIPIO";"431055";"0";"0"
"213";"2015";"MUNICIPIO";"431057";"1.33";"200"
"214";"2015";"MUNICIPIO";"431060";"33.863";"0"
"215";"2015";"MUNICIPIO";"431065";"0";"0"
"216";"2015";"MUNICIPIO";"431070";"2.63";"0"
"217";"2015";"MUNICIPIO";"431075";"872";"1.724"
"218";"2015";"MUNICIPIO";"431080";"22.012";"0"
"219";"2015";"MUNICIPIO";"431085";"1.663";"0"
"220";"2015";"MUNICIPIO";"431087";"2.57";"0"
"221";"2015";"MUNICIPIO";"431090";"2.526";"0"
"222";"2015";"MUNICIPIO";"431100";"27.805";"7.639"
"223";"2015";"MUNICIPIO";"431110";"6.831";"0"
"224";"2015";"MUNICIPIO";"431112";"2.456";"0"
"225";"2015";"MUNICIPIO";"431113";"2.9";"0"
"226";"2015";"MUNICIPIO";"431115";"0";"0"
"227";"2015";"MUNICIPIO";"431120";"16.72";"0"
"228";"2015";"MUNICIPIO";"431123";"964";"0"
"229";"2015";"MUNICIPIO";"431125";"1.649";"0"
"230";"2015";"MUNICIPIO";"431127";"1.939";"6.48"
"231";"2015";"MUNICIPIO";"431130";"26.521";"0"
"232";"2015";"MUNICIPIO";"431140";"74.528";"825"
"233";"2015";"MUNICIPIO";"431142";"0";"0"
"234";"2015";"MUNICIPIO";"431150";"5.976";"0"
"235";"2015";"MUNICIPIO";"431160";"1.717";"0"
"236";"2015";"MUNICIPIO";"431162";"0";"0"
"237";"2015";"MUNICIPIO";"431164";"1.703";"0"
"238";"2015";"MUNICIPIO";"431170";"1.519";"0"
"239";"2015";"MUNICIPIO";"431171";"3.676";"0"
"240";"2015";"MUNICIPIO";"431173";"2.86";"2.36"
"241";"2015";"MUNICIPIO";"431175";"5.522";"0"
"242";"2015";"MUNICIPIO";"431177";"3.652";"0"
"243";"2015";"MUNICIPIO";"431179";"0";"0"
"244";"2015";"MUNICIPIO";"431180";"32.671";"0"
"245";"2015";"MUNICIPIO";"431190";"2.992";"0"
"246";"2015";"MUNICIPIO";"431198";"674";"0"
"247";"2015";"MUNICIPIO";"431200";"1.267";"0"
"248";"2015";"MUNICIPIO";"431205";"1.275";"0"
"249";"2015";"MUNICIPIO";"431210";"2.469";"0"
"250";"2015";"MUNICIPIO";"431213";"0";"0"
"251";"2015";"MUNICIPIO";"431215";"4.201";"0"
"252";"2015";"MUNICIPIO";"431217";"1.798";"0"
"253";"2015";"MUNICIPIO";"431220";"3.116";"0"
"254";"2015";"MUNICIPIO";"431225";"8.011";"7.984"
"255";"2015";"MUNICIPIO";"431230";"2.999";"0"
"256";"2015";"MUNICIPIO";"431235";"1.556";"0"
"257";"2015";"MUNICIPIO";"431237";"0";"0"
"258";"2015";"MUNICIPIO";"431238";"2.704";"780"
"259";"2015";"MUNICIPIO";"431240";"54.139";"0"
"260";"2015";"MUNICIPIO";"431242";"0";"0"
"261";"2015";"MUNICIPIO";"431244";"0";"0"
"262";"2015";"MUNICIPIO";"431245";"2.228";"2.1"
"263";"2015";"MUNICIPIO";"431247";"3.559";"6"
"264";"2015";"MUNICIPIO";"431250";"1.957";"0"
"265";"2015";"MUNICIPIO";"431260";"4.195";"500"
"266";"2015";"MUNICIPIO";"431261";"967";"300"
"267";"2015";"MUNICIPIO";"431262";"520";"0"
"268";"2015";"MUNICIPIO";"431265";"15.805";"0"
"269";"2015";"MUNICIPIO";"431267";"1.726";"0"
"270";"2015";"MUNICIPIO";"431270";"10.607";"0"
"271";"2015";"MUNICIPIO";"431275";"3.431";"0"
"272";"2015";"MUNICIPIO";"431280";"3.903";"0"
"273";"2015";"MUNICIPIO";"431290";"6.178";"0"
"274";"2015";"MUNICIPIO";"431295";"1.953";"0"
"275";"2015";"MUNICIPIO";"431300";"1.637";"0"
"276";"2015";"MUNICIPIO";"431301";"2.814";"0"
"277";"2015";"MUNICIPIO";"431303";"3.998";"0"
"278";"2015";"MUNICIPIO";"431306";"0";"0"
"279";"2015";"MUNICIPIO";"431308";"2.557";"0"
"280";"2015";"MUNICIPIO";"431310";"3.3";"0"
"281";"2015";"MUNICIPIO";"431320";"15.39";"0"
"282";"2015";"MUNICIPIO";"431330";"22.83";"0"
"283";"2015";"MUNICIPIO";"431333";"2.44";"0"
"284";"2015";"MUNICIPIO";"431335";"1.655";"0"
"285";"2015";"MUNICIPIO";"431337";"11.097";"0"
"286";"2015";"MUNICIPIO";"431339";"4.008";"0"
"287";"2015";"MUNICIPIO";"431340";"3.132";"618"
"288";"2015";"MUNICIPIO";"431342";"235.482";"12.493"
"289";"2015";"MUNICIPIO";"431344";"1.785";"0"
"290";"2015";"MUNICIPIO";"431346";"2.32";"0"
"291";"2015";"MUNICIPIO";"431349";"1.795";"0"
"292";"2015";"MUNICIPIO";"431350";"33.81";"192"
"293";"2015";"MUNICIPIO";"431360";"2.519";"0"
"294";"2015";"MUNICIPIO";"431365";"3.128";"0"
"295";"2015";"MUNICIPIO";"431370";"32.59";"0"
"296";"2015";"MUNICIPIO";"431380";"5.636";"0"
"297";"2015";"MUNICIPIO";"431390";"39.211";"0"
"298";"2015";"MUNICIPIO";"431395";"7.922";"8.345"
"299";"2015";"MUNICIPIO";"431400";"4.907";"0"
"300";"2015";"MUNICIPIO";"431402";"6.24";"0"
"301";"2015";"MUNICIPIO";"431403";"3.511";"0"
"302";"2015";"MUNICIPIO";"431405";"25.914";"0"
"303";"2015";"MUNICIPIO";"431406";"785";"0"
"304";"2015";"MUNICIPIO";"431407";"4.824";"0"
"305";"2015";"MUNICIPIO";"431410";"196.739";"49.184"
"306";"2015";"MUNICIPIO";"431413";"2.219";"0"
"307";"2015";"MUNICIPIO";"431415";"1.76";"0"
"308";"2015";"MUNICIPIO";"431417";"811";"0"
"309";"2015";"MUNICIPIO";"431420";"7.787";"0"
"310";"2015";"MUNICIPIO";"431430";"2.984";"0"
"311";"2015";"MUNICIPIO";"431440";"323.638";"203.861"
"312";"2015";"MUNICIPIO";"431442";"4.856";"0"
"313";"2015";"MUNICIPIO";"431445";"2.525";"515"
"314";"2015";"MUNICIPIO";"431446";"2.126";"0"
"315";"2015";"MUNICIPIO";"431447";"0";"0"
"316";"2015";"MUNICIPIO";"431449";"1.875";"0"
"317";"2015";"MUNICIPIO";"431450";"9.863";"9.784"
"318";"2015";"MUNICIPIO";"431454";"1.195";"0"
"319";"2015";"MUNICIPIO";"431455";"2.671";"0"
"320";"2015";"MUNICIPIO";"431460";"11.973";"0"
"321";"2015";"MUNICIPIO";"431470";"7.594";"0"
"322";"2015";"MUNICIPIO";"431475";"2.104";"0"
"323";"2015";"MUNICIPIO";"431477";"0";"0"
"324";"2015";"MUNICIPIO";"431478";"1.73";"165"
"325";"2015";"MUNICIPIO";"431480";"12.985";"0"
"326";"2015";"MUNICIPIO";"431490";"0";"0"
"327";"2015";"MUNICIPIO";"431500";"2.598";"0"
"328";"2015";"MUNICIPIO";"431505";"2.503";"0"
"329";"2015";"MUNICIPIO";"431507";"1.733";"347"
"330";"2015";"MUNICIPIO";"431510";"5.585";"0"
"331";"2015";"MUNICIPIO";"431513";"0";"0"
"332";"2015";"MUNICIPIO";"431514";"2.657";"0"
"333";"2015";"MUNICIPIO";"431515";"1.937";"0"
"334";"2015";"MUNICIPIO";"431517";"0";"0"
"335";"2015";"MUNICIPIO";"431520";"1.97";"0"
"336";"2015";"MUNICIPIO";"431530";"22.384";"2.741"
"337";"2015";"MUNICIPIO";"431531";"935";"935"
"338";"2015";"MUNICIPIO";"431532";"2.812";"0"
"339";"2015";"MUNICIPIO";"431535";"3.811";"0"
"340";"2015";"MUNICIPIO";"431540";"3.346";"0"
"341";"2015";"MUNICIPIO";"431545";"2.06";"0"
"342";"2015";"MUNICIPIO";"431550";"9.919";"0"
"343";"2015";"MUNICIPIO";"431555";"749";"0"
"344";"2015";"MUNICIPIO";"431560";"194.654";"54.216"
"345";"2015";"MUNICIPIO";"431570";"27.659";"26.529"
"346";"2015";"MUNICIPIO";"431575";"2.268";"0"
"347";"2015";"MUNICIPIO";"431580";"5.956";"10.976"
"348";"2015";"MUNICIPIO";"431590";"4.554";"0"
"349";"2015";"MUNICIPIO";"431595";"2.542";"0"
"350";"2015";"MUNICIPIO";"431600";"10.695";"0"
"351";"2015";"MUNICIPIO";"431610";"6.518";"0"
"352";"2015";"MUNICIPIO";"431620";"2.689";"1.2"
"353";"2015";"MUNICIPIO";"431630";"0";"0"
"354";"2015";"MUNICIPIO";"431640";"33.439";"4.537"
"355";"2015";"MUNICIPIO";"431642";"0";"0"
"356";"2015";"MUNICIPIO";"431643";"2.869";"0"
"357";"2015";"MUNICIPIO";"431645";"10.517";"4.083"
"358";"2015";"MUNICIPIO";"431647";"2.762";"0"
"359";"2015";"MUNICIPIO";"431650";"4.815";"0"
"360";"2015";"MUNICIPIO";"431660";"12.41";"0"
"361";"2015";"MUNICIPIO";"431670";"7.406";"0"
"362";"2015";"MUNICIPIO";"431673";"0";"0"
"363";"2015";"MUNICIPIO";"431675";"6.141";"0"
"364";"2015";"MUNICIPIO";"431680";"124.74";"13.97"
"365";"2015";"MUNICIPIO";"431690";"530";"0"
"366";"2015";"MUNICIPIO";"431695";"276.108";"151.541"
"367";"2015";"MUNICIPIO";"431697";"2.228";"0"
"368";"2015";"MUNICIPIO";"431700";"4.25";"3.81"
"369";"2015";"MUNICIPIO";"431710";"82.968";"27.239"
"370";"2015";"MUNICIPIO";"431720";"68.296";"12.958"
"371";"2015";"MUNICIPIO";"431725";"1.781";"1.781"
"372";"2015";"MUNICIPIO";"431730";"26.808";"0"
"373";"2015";"MUNICIPIO";"431740";"47.45";"0"
"374";"2015";"MUNICIPIO";"431750";"75.261";"11.313"
"375";"2015";"MUNICIPIO";"431755";"23.991";"0"
"376";"2015";"MUNICIPIO";"431760";"6.583";"0"
"377";"2015";"MUNICIPIO";"431770";"0";"0"
"378";"2015";"MUNICIPIO";"431775";"1.9";"0"
"379";"2015";"MUNICIPIO";"431780";"12.704";"0"
"380";"2015";"MUNICIPIO";"431790";"8.495";"0"
"381";"2015";"MUNICIPIO";"431795";"1.154";"0"
"382";"2015";"MUNICIPIO";"431800";"54.129";"10.635"
"383";"2015";"MUNICIPIO";"431805";"3.056";"0"
"384";"2015";"MUNICIPIO";"431810";"14.628";"968"
"385";"2015";"MUNICIPIO";"431820";"14.937";"0"
"386";"2015";"MUNICIPIO";"431830";"55.875";"10.902"
"387";"2015";"MUNICIPIO";"431840";"18.192";"0"
"388";"2015";"MUNICIPIO";"431842";"2.482";"0"
"389";"2015";"MUNICIPIO";"431843";"1.364";"1.364"
"390";"2015";"MUNICIPIO";"431844";"1.528";"0"
"391";"2015";"MUNICIPIO";"431845";"1.9";"0"
"392";"2015";"MUNICIPIO";"431846";"994";"0"
"393";"2015";"MUNICIPIO";"431848";"4.435";"0"
"394";"2015";"MUNICIPIO";"431849";"1.056";"0"
"395";"2015";"MUNICIPIO";"431850";"13.877";"0"
"396";"2015";"MUNICIPIO";"431860";"4.569";"0"
"397";"2015";"MUNICIPIO";"431861";"1.649";"3.47"
"398";"2015";"MUNICIPIO";"431862";"1.883";"0"
"399";"2015";"MUNICIPIO";"431870";"225.938";"41.945"
"400";"2015";"MUNICIPIO";"431880";"27.258";"0"
"401";"2015";"MUNICIPIO";"431890";"29.252";"0"
"402";"2015";"MUNICIPIO";"431900";"18.278";"21.204"
"403";"2015";"MUNICIPIO";"431910";"4.018";"0"
"404";"2015";"MUNICIPIO";"431912";"0";"0"
"405";"2015";"MUNICIPIO";"431915";"3.849";"0"
"406";"2015";"MUNICIPIO";"431920";"3.589";"0"
"407";"2015";"MUNICIPIO";"431930";"6.348";"0"
"408";"2015";"MUNICIPIO";"431935";"2.105";"0"
"409";"2015";"MUNICIPIO";"431936";"0";"0"
"410";"2015";"MUNICIPIO";"431937";"2.983";"0"
"411";"2015";"MUNICIPIO";"431940";"12.224";"12.235"
"412";"2015";"MUNICIPIO";"431950";"16.671";"0"
"413";"2015";"MUNICIPIO";"431960";"18.855";"24"
"414";"2015";"MUNICIPIO";"431970";"2.009";"0"
"415";"2015";"MUNICIPIO";"431971";"2.257";"0"
"416";"2015";"MUNICIPIO";"431973";"2.752";"0"
"417";"2015";"MUNICIPIO";"431975";"2";"0"
"418";"2015";"MUNICIPIO";"431980";"6.274";"8.787"
"419";"2015";"MUNICIPIO";"431990";"54.14";"0"
"420";"2015";"MUNICIPIO";"432000";"138.357";"6.616"
"421";"2015";"MUNICIPIO";"432010";"19.699";"0"
"422";"2015";"MUNICIPIO";"432020";"11.042";"0"
"423";"2015";"MUNICIPIO";"432023";"1.857";"0"
"424";"2015";"MUNICIPIO";"432026";"1.86";"1.86"
"425";"2015";"MUNICIPIO";"432030";"3.062";"0"
"426";"2015";"MUNICIPIO";"432032";"2.885";"0"
"427";"2015";"MUNICIPIO";"432035";"1.273";"0"
"428";"2015";"MUNICIPIO";"432040";"15.226";"0"
"429";"2015";"MUNICIPIO";"432045";"2.18";"0"
"430";"2015";"MUNICIPIO";"432050";"3.646";"0"
"431";"2015";"MUNICIPIO";"432055";"1.034";"0"
"432";"2015";"MUNICIPIO";"432057";"2.089";"0"
"433";"2015";"MUNICIPIO";"432060";"1.39";"0"
"434";"2015";"MUNICIPIO";"432065";"1.544";"0"
"435";"2015";"MUNICIPIO";"432067";"5.824";"0"
"436";"2015";"MUNICIPIO";"432070";"12.594";"0"
"437";"2015";"MUNICIPIO";"432080";"27.303";"0"
"438";"2015";"MUNICIPIO";"432085";"0";"0"
"439";"2015";"MUNICIPIO";"432090";"20.992";"0"
"440";"2015";"MUNICIPIO";"432100";"9.313";"503"
"441";"2015";"MUNICIPIO";"432110";"13.745";"105"
"442";"2015";"MUNICIPIO";"432120";"35.929";"0"
"443";"2015";"MUNICIPIO";"432130";"25.032";"0"
"444";"2015";"MUNICIPIO";"432132";"1.411";"0"
"445";"2015";"MUNICIPIO";"432135";"835";"0"
"446";"2015";"MUNICIPIO";"432140";"8.89";"0"
"447";"2015";"MUNICIPIO";"432143";"3.539";"0"
"448";"2015";"MUNICIPIO";"432145";"28";"0"
"449";"2015";"MUNICIPIO";"432146";"2.912";"0"
"450";"2015";"MUNICIPIO";"432147";"1.523";"0"
"451";"2015";"MUNICIPIO";"432149";"1.999";"0"
"452";"2015";"MUNICIPIO";"432150";"36.12";"19.217"
"453";"2015";"MUNICIPIO";"432160";"46.369";"12.155"
"454";"2015";"MUNICIPIO";"432162";"0";"0"
"455";"2015";"MUNICIPIO";"432163";"2.873";"0"
"456";"2015";"MUNICIPIO";"432166";"2.604";"0"
"457";"2015";"MUNICIPIO";"432170";"17.038";"0"
"458";"2015";"MUNICIPIO";"432180";"20.232";"0"
"459";"2015";"MUNICIPIO";"432183";"695";"685"
"460";"2015";"MUNICIPIO";"432185";"0";"0"
"461";"2015";"MUNICIPIO";"432190";"22.098";"199"
"462";"2015";"MUNICIPIO";"432195";"3.612";"0"
"463";"2015";"MUNICIPIO";"432200";"15.085";"0"
"464";"2015";"MUNICIPIO";"432210";"4.424";"0"
"465";"2015";"MUNICIPIO";"432215";"4.25";"825"
"466";"2015";"MUNICIPIO";"432218";"0";"0"
"467";"2015";"MUNICIPIO";"432220";"18.618";"0"
"468";"2015";"MUNICIPIO";"432225";"0";"300"
"469";"2015";"MUNICIPIO";"432230";"5.796";"0"
"470";"2015";"MUNICIPIO";"432232";"1.481";"0"
"471";"2015";"MUNICIPIO";"432234";"0";"0"
"472";"2015";"MUNICIPIO";"432235";"0";"0"
"473";"2015";"MUNICIPIO";"432237";"990";"0"
"474";"2015";"MUNICIPIO";"432240";"123.989";"93.319"
"475";"2015";"MUNICIPIO";"432250";"64.585";"0"
"476";"2015";"MUNICIPIO";"432252";"8.089";"0"
"477";"2015";"MUNICIPIO";"432253";"5.175";"0"
"478";"2015";"MUNICIPIO";"432254";"0";"0"
"479";"2015";"MUNICIPIO";"432255";"2.087";"0"
"480";"2015";"MUNICIPIO";"432260";"48.198";"0"
"481";"2015";"MUNICIPIO";"432270";"25.7";"12.731"
"482";"2015";"MUNICIPIO";"432280";"22.5";"22"
"483";"2015";"MUNICIPIO";"432285";"1.976";"0"
"484";"2015";"MUNICIPIO";"432290";"2.92";"0"
"485";"2015";"MUNICIPIO";"432300";"231.019";"3.562"
"486";"2015";"MUNICIPIO";"432310";"2.008";"0"
"487";"2015";"MUNICIPIO";"432320";"1.616";"0"
"488";"2015";"MUNICIPIO";"432330";"1.64";"0"
"489";"2015";"MUNICIPIO";"432335";"373";"373"
"490";"2015";"MUNICIPIO";"432340";"4.385";"0"
"491";"2015";"MUNICIPIO";"432345";"2.403";"0"
"492";"2015";"MUNICIPIO";"432350";"1.509";"0"
"493";"2015";"MUNICIPIO";"432360";"1.569";"0"
"494";"2015";"MUNICIPIO";"432370";"1.043";"0"
"495";"2015";"MUNICIPIO";"432375";"3.463";"0"
"496";"2015";"MUNICIPIO";"432377";"1.195";"0"
"497";"2015";"MUNICIPIO";"432380";"14.197";"4.003"
"498";"0";"2015";"ESTADO";"0";"0"
